datetime,temperature,humidity,wind_speed,pressure,pm2_5
2024-01-01 00:00:00,30.89407556793585,42.76988991414895,1.441786049087062,1008.4172807233672,66.33731623879984
2024-01-01 01:00:00,18.584180048511385,53.53824426503565,6.192955763281905,993.81438875591,61.98765298442613
2024-01-01 02:00:00,16.805543606926094,81.09288308323052,3.822235789522863,1026.4093890530733,10.321666728528347
2024-01-01 03:00:00,26.539443072486737,37.656733453081245,7.859906490764479,1016.7207385767698,133.18284118471826
2024-01-01 04:00:00,31.58406909356689,83.63192207241835,6.249263395460998,1010.3988384594368,103.0896158728782
2024-01-01 05:00:00,22.693193803733827,59.79047834250679,0.9145158048524742,1007.2506295727186,117.84732778942706
2024-01-01 06:00:00,39.42292595153846,55.56573932235447,4.164289856559564,992.0586204691136,101.52954435342448
2024-01-01 07:00:00,30.5448921575459,48.33878328558711,6.124180693504929,998.5717683235124,54.73502321621659
2024-01-01 08:00:00,24.427957044530828,85.01092711636656,7.080344189719561,1024.243167896734,78.48511200804124
2024-01-01 09:00:00,21.763525545824518,61.057407645677344,1.7060198801720063,1014.8881765114452,23.66806544552242
2024-01-01 10:00:00,20.295340484526083,78.24158210000866,7.974669839909303,997.7550048111316,28.434508554240885
2024-01-01 11:00:00,31.87149122152125,81.45910723686194,4.452523293817501,997.568128702692,51.9899444567593
2024-01-01 12:00:00,23.15716734038873,85.34294127549221,2.603594880467317,1004.005020501662,98.33429525424422
2024-01-01 13:00:00,11.79033689828705,48.20284404198458,9.761256915208882,1014.6118615332276,91.94123781874966
2024-01-01 14:00:00,21.941327659912943,50.38865124266068,1.2891689490410698,1011.6966103873852,117.41272190325334
2024-01-01 15:00:00,32.13986217196107,65.70443258085689,11.192353313378916,1011.0813950084548,82.16278787678809
2024-01-01 16:00:00,15.474751913605,56.47944812756827,8.622060841499549,1024.7572319924614,102.972283988798
2024-01-01 17:00:00,15.263552684424775,85.97055195718453,5.96929673336201,1024.4500582649662,11.363148413411128
2024-01-01 18:00:00,25.946541215255152,53.85384309800919,0.6283501761673715,1023.8079401121782,140.3281960200193
2024-01-01 19:00:00,25.95482761290598,58.66668290251262,4.986441077033577,1018.0980673503784,127.69712311195288
2024-01-01 20:00:00,29.03202875653963,67.03116531319608,7.926681755574824,1005.698008540634,140.80912380103808
2024-01-01 21:00:00,35.482953822333684,54.28436915842485,10.377500627474822,1000.7737708046152,30.17563000523963
2024-01-01 22:00:00,31.733659745819057,89.5487061555064,7.604285932258393,1028.227705580306,26.16613392315911
2024-01-01 23:00:00,28.330705320327485,35.931077073539186,5.073635344384031,991.8113985141534,83.33539380105903
2024-01-02 00:00:00,31.673301477106648,43.23619906843214,5.644632947565241,1014.7353229317712,126.61418558636764
2024-01-02 01:00:00,19.688767415595347,49.35930786741901,10.542896258812773,1023.844964897334,112.06482403533302
2024-01-02 02:00:00,20.853659668669422,38.86337061837721,4.540609059328162,1000.8765163985069,42.50070512291499
2024-01-02 03:00:00,16.84789692636867,47.05315407189333,1.249312384150782,1029.1498428691389,73.91114189447597
2024-01-02 04:00:00,18.81142139166488,76.75471757156882,5.590734403774112,1025.436958877682,39.12717220099388
2024-01-02 05:00:00,28.929283715634632,61.37352005311307,11.982279949111636,997.9731235398654,86.81338201571323
2024-01-02 06:00:00,12.763148198352257,32.0372181676932,4.867387920737405,1000.8123726773337,87.29218383490465
2024-01-02 07:00:00,23.011035180385846,88.95735511123132,2.7201292419243703,1025.8921164043518,17.05238757313753
2024-01-02 08:00:00,22.925882899889316,66.96038865399882,1.01899657087478,994.3700717355132,96.75841648252305
2024-01-02 09:00:00,24.810552929509186,33.53636871618126,2.466142149961656,997.5390868648678,19.06939451440648
2024-01-02 10:00:00,22.77490870887484,69.67012630781883,4.226740650249477,1014.3419763660648,9.04615835757934
2024-01-02 11:00:00,19.36783668917396,52.70216224171404,7.104200857814053,995.8805738012112,128.99378188407246
2024-01-02 12:00:00,22.790539208884248,38.14039782750434,8.15426678119726,1012.9018068359346,41.02483781681119
2024-01-02 13:00:00,36.80167489351405,63.81987557395157,0.9924176282449336,1013.0218085286062,72.43954407108819
2024-01-02 14:00:00,38.32480054611639,73.62479703019982,11.266071186729118,1013.8541760258738,141.00433128481328
2024-01-02 15:00:00,25.055100276530094,70.26759626820731,3.2098409659043967,1000.0280556470116,95.68494915464208
2024-01-02 16:00:00,28.718588553763336,44.85078921002138,2.21421308818695,1022.8432346703884,59.027847034093234
2024-01-02 17:00:00,13.468551852378871,61.49197328717446,6.60453849171633,1028.8177448873334,128.51702367242967
2024-01-02 18:00:00,19.518564454609628,62.25980664425216,8.292236918549413,1001.1154408989428,36.11331658056292
2024-01-02 19:00:00,22.44478635860895,73.00820184792221,4.033407077638826,1024.6197327667703,75.79804642334126
2024-01-02 20:00:00,35.989274736500974,51.59204093646402,8.198574015563933,1001.7220815920908,87.03211809202453
2024-01-02 21:00:00,17.5136609618952,77.86395571145636,3.8843793096704737,1003.9570845571444,89.94482121891645
2024-01-02 22:00:00,24.49102792788113,67.675310933736,10.874972481853863,1021.417737850199,7.5389314458819054
2024-01-02 23:00:00,39.566793568321145,32.29989642111232,10.62798947746919,995.4932039285574,59.66028304124959
2024-01-03 00:00:00,25.58455357779428,62.78874130014509,1.3187353325217048,992.472302917364,79.65945536543818
2024-01-03 01:00:00,28.38683577288903,81.71472572590619,2.2296289822544555,1005.4653040087276,71.3878448135932
2024-01-03 02:00:00,13.618859979709711,64.05444975331687,8.527674890693033,995.187328822578,124.18172923531074
2024-01-03 03:00:00,34.790224015205,40.5496959273417,0.5013811671232113,993.1821102172302,109.82646348999518
2024-01-03 04:00:00,28.09180385232782,60.62258222085504,9.950856572807162,1013.5491208086232,140.16366254480224
2024-01-03 05:00:00,26.352040193993947,75.41675019175807,4.596757843350796,997.3589898172085,37.44821460276148
2024-01-03 06:00:00,20.282915013229253,36.60631178672403,9.063128789676757,1002.0360515795064,27.65142111624468
2024-01-03 07:00:00,19.123623670815523,79.0259447244143,1.008727878826691,1019.1635426629152,34.46675713466695
2024-01-03 08:00:00,22.51066633074105,40.04889846978367,2.906540938077833,993.7198288779016,100.1747971535704
2024-01-03 09:00:00,30.4390229737839,62.04458953296387,1.314259565344784,1029.758729379227,41.49419427948075
2024-01-03 10:00:00,36.26370525385525,53.14460894620305,2.567973643701972,1002.3502667217796,101.3625485896015
2024-01-03 11:00:00,25.312670124340336,44.91742605068134,4.9208441711600095,1011.8251700739772,104.08602901590405
2024-01-03 12:00:00,30.07941348886817,68.84595078052394,6.152845826545468,1021.6739792561516,16.79231989304222
2024-01-03 13:00:00,27.578096576866383,32.243526526346365,11.035050641632145,999.4802598942332,112.301511660543
2024-01-03 14:00:00,28.747105062867995,75.60274840461871,7.712501229839327,1003.6465502699627,50.52484520862649
2024-01-03 15:00:00,30.240671529634746,61.61643832406226,8.62451786078474,998.250750685368,37.06245957441582
2024-01-03 16:00:00,35.27027312860772,82.54627263263117,1.4442727817342484,1005.1431324702864,42.52773199460131
2024-01-03 17:00:00,12.495849649973165,61.24309919528099,3.7980515135343698,1019.3974668999424,134.96303464852488
2024-01-03 18:00:00,32.910485243300144,32.10199011204289,11.904916998960504,1018.57707575238,92.74049501545326
2024-01-03 19:00:00,17.30999123610622,38.61605813292852,6.944856468908201,997.2807671479258,99.20840575886167
2024-01-03 20:00:00,15.826688817363124,77.73627531844963,9.559900484105782,1009.0769584828028,36.48293556714418
2024-01-03 21:00:00,27.17370872474419,59.518562931476886,0.8735483590736757,1017.52827066648,57.19464979414949
2024-01-03 22:00:00,12.871375498371613,56.51275628795152,1.4668764625325954,1019.5259957808815,122.52003817132297
2024-01-03 23:00:00,36.55980478825418,49.106086882649606,1.7561817781692686,1015.4414788733544,54.32540835856776
2024-01-04 00:00:00,28.81746916153806,47.072951896027824,0.675787209895915,997.7929084878768,122.83434559484952
2024-01-04 01:00:00,31.702490745698643,87.95317874938523,11.10275813955934,1024.723162216381,33.99779819342974
2024-01-04 02:00:00,10.483876200850505,55.97815984700566,3.41680579099086,1001.53791096551,111.19446270695391
2024-01-04 03:00:00,27.832956383351277,83.04018196050102,11.960545008013852,1004.796872120068,21.93759296049088
2024-01-04 04:00:00,26.70355577182866,68.88978739234645,8.988493281237131,1012.339912077196,124.24587853485784
2024-01-04 05:00:00,14.768789324341682,81.5056587764196,3.382024086335099,1024.3751401965555,102.54324199462312
2024-01-04 06:00:00,14.592115453743194,81.14697268643926,11.905753310377907,1015.9860124826462,143.81108089024153
2024-01-04 07:00:00,30.86588586312733,87.37872166738208,10.488139361543888,1018.0675081791566,9.280707158907775
2024-01-04 08:00:00,19.56299279145629,71.87653417218564,2.397477062341318,998.6547311874756,24.11927463608398
2024-01-04 09:00:00,30.75910886595459,78.32381612366197,2.631201979475608,1004.102472965866,8.95481963830927
2024-01-04 10:00:00,26.631497491533164,73.98767372415489,8.322140626874127,995.4757367216624,7.428789453502169
2024-01-04 11:00:00,21.668517223694337,66.31361015674683,1.4002228243341068,1019.4761366522996,127.67765151479756
2024-01-04 12:00:00,37.75397468841958,73.0412480335039,7.2220359175264255,1027.950312262435,96.55663513383293
2024-01-04 13:00:00,35.25009990738149,72.94502468548997,1.2659336334640603,1019.394730459475,98.34577244634664
2024-01-04 14:00:00,20.721927000495285,32.45446758217786,3.044922472092011,994.9871486414612,59.53851372173634
2024-01-04 15:00:00,11.307743913971215,60.96665013189015,11.407059463243856,1017.7346140944488,12.72819922895307
2024-01-04 16:00:00,19.14304220233292,77.55908164358848,6.233573829517692,1007.3290076450172,67.52214568120054
2024-01-04 17:00:00,21.94557045753943,44.57773119060024,7.0976991494098325,993.6845672799416,27.81822918631786
2024-01-04 18:00:00,31.148764913540862,57.90887918844081,3.601357695393086,1029.978966931874,140.51630996146235
2024-01-04 19:00:00,39.86075446102052,56.0991426576237,5.560708919350467,1018.965011629496,132.38902356906607
2024-01-04 20:00:00,20.677445971523788,54.16723015705464,2.0295276698346094,1014.8975187702688,48.63328131583755
2024-01-04 21:00:00,32.87643441356302,37.31037166604469,6.441087568485462,1024.923914934753,7.512496764278355
2024-01-04 22:00:00,27.795307496866634,61.54269247620887,1.1204916171989028,1003.0136437792296,8.034219541001095
2024-01-04 23:00:00,30.751053961005315,56.77490191621989,1.0548677384822027,1016.6738036126886,81.6816261972824
2024-01-05 00:00:00,14.533823570442408,69.80356543665843,8.315949005479895,1008.731217298648,124.35745103270736
2024-01-05 01:00:00,21.966288781784694,62.964783526947095,1.132288520487695,994.9579907092088,54.63676731168716
2024-01-05 02:00:00,17.225676931708733,31.652575779129197,6.494764224619769,1011.6427885488464,100.32954135321964
2024-01-05 03:00:00,20.303680421449748,31.91507925634508,3.559304682807849,1015.2763795088388,129.40747926301182
2024-01-05 04:00:00,25.393844625970065,72.08158806109395,2.6584803445812564,1008.929996154813,97.25230713099124
2024-01-05 05:00:00,29.99873650492215,72.45486711356136,7.0931672356284405,995.0108622817456,5.888801489352964
2024-01-05 06:00:00,13.177254551704417,87.59634802346801,3.909327919521836,993.0113269912046,84.91539972705999
2024-01-05 07:00:00,13.926848519922425,82.60228089022868,5.748397309360562,1016.5935385903304,30.353185823885976
2024-01-05 08:00:00,19.65941819404924,58.08358004323536,2.098199145216682,1023.5163265595816,121.00925850254396
2024-01-05 09:00:00,29.84693009998731,67.55439070111012,1.9545854172120611,1026.963761816799,64.79400180282066
2024-01-05 10:00:00,35.39518675812166,57.43090366177596,1.7250827508323434,1005.5274341437458,68.6839333223377
2024-01-05 11:00:00,26.5977203439014,43.37677420006518,1.3229412929890716,1027.5326333885237,49.06685437180896
2024-01-05 12:00:00,35.63357462573514,52.60061983538056,6.8677077650588005,1022.7921388839076,38.2855315271381
2024-01-05 13:00:00,21.54513433827283,36.23305394787997,9.194063152107155,1006.9616667345329,28.19339817098678
2024-01-05 14:00:00,19.503636913551397,69.99162713969955,9.612219030286846,1006.2528013148348,64.11297842045403
2024-01-05 15:00:00,20.627940267750358,41.52180862283805,11.515215293603092,1003.3391521066357,82.94947883338602
2024-01-05 16:00:00,15.132454876152972,58.52806724946698,2.4365121421950686,992.7646642415268,135.63623330168008
2024-01-05 17:00:00,34.873379035056715,88.04619618128265,2.059617969721672,990.3890454359412,63.282207692589225
2024-01-05 18:00:00,20.1601253774298,31.90013583888524,5.904479962067173,999.8199465395276,51.65422443316777
2024-01-05 19:00:00,26.571102258822197,39.10379700337273,10.401586545229726,1000.1846939618408,123.63534602269208
2024-01-05 20:00:00,27.35654404326499,47.91475106230308,9.321296650152568,1019.1864418365084,105.9478192381206
2024-01-05 21:00:00,25.645991781919967,86.50841786497526,6.919048244516572,996.2948270931196,21.643709559000627
2024-01-05 22:00:00,10.08064193722962,84.53050776769985,2.303007554488973,1017.6968653587976,107.56322787375372
2024-01-05 23:00:00,39.65036257848461,39.72005044871764,4.999519544715804,1019.213411998203,142.92430313857938
2024-01-06 00:00:00,37.1602472698483,88.86706639664867,8.772476431529624,1008.388686436438,77.09523484632926
2024-01-06 01:00:00,16.229075835889734,75.04485150776526,4.794245876837163,994.7061401754984,76.13493313326933
2024-01-06 02:00:00,18.774682383772745,62.39862497595586,0.9498725281816132,1018.7803844784652,109.91834375131904
2024-01-06 03:00:00,25.600304592174503,85.90217297768916,7.214665552341815,1026.545890051474,33.979264718847844
2024-01-06 04:00:00,37.05734117982011,82.83642853059558,8.781547666468917,1004.647178167086,58.21558165552257
2024-01-06 05:00:00,39.5089265473517,53.47898955103543,8.719872153888252,1020.349591092081,50.95358184924705
2024-01-06 06:00:00,17.72626192462249,69.3805917587659,2.395957143149375,1019.6767487186823,149.4030688824693
2024-01-06 07:00:00,26.93077128774345,68.84310873440062,4.363903278145237,992.1616867007843,28.434640598062774
2024-01-06 08:00:00,34.20906052411537,49.61809114937788,5.205481361414577,992.2283066237314,30.223389961476357
2024-01-06 09:00:00,21.831101618583244,40.76341047927996,5.335536246361947,1017.0647096354696,71.83148510007258
2024-01-06 10:00:00,31.93219107533671,58.00859264771872,1.8128226293037928,1023.2363066566272,44.77522527265112
2024-01-06 11:00:00,14.832070432876446,45.79686217839955,4.933612603065581,1026.8224761327008,131.2482152439922
2024-01-06 12:00:00,28.020957035007697,51.30390758198415,6.326270145254036,995.6665249302964,68.28905151160376
2024-01-06 13:00:00,35.97593374909794,87.24863813390758,8.671447729338272,1013.335608327744,104.31006879593836
2024-01-06 14:00:00,39.50564827610667,57.66827223193016,7.04864842170715,1001.2821234928896,123.63941192370216
2024-01-06 15:00:00,12.380973711340472,71.0934879285954,5.156701444587339,998.9080346833206,44.44666520689308
2024-01-06 16:00:00,22.85041824102848,50.17379368605924,11.16736967167714,1019.5355421011471,111.24694718665944
2024-01-06 17:00:00,16.136285786392833,89.75166470704633,7.3779610162649885,1006.5276751328844,62.86908960409278
2024-01-06 18:00:00,23.519094715562044,69.52605636250003,11.71009516261225,1007.507684346748,41.90531490689307
2024-01-06 19:00:00,26.43290717886562,41.76056794473503,10.474828098026608,1023.7760504402646,134.06577834126892
2024-01-06 20:00:00,12.799801311094622,35.89103991728802,8.246700168688815,999.547389792418,86.93004246625509
2024-01-06 21:00:00,18.905823264420384,86.59083427062498,10.842105197384114,1011.1336951095894,76.96808579456174
2024-01-06 22:00:00,37.827527204564426,86.68666993263764,11.89925629836075,1023.1084152255276,31.187435258887604
2024-01-06 23:00:00,27.07011194290586,67.27970252567587,3.040088570087661,995.2755521305496,135.73789002933944
2024-01-07 00:00:00,23.72235992570836,31.019489960774592,8.447149978893748,1013.8473188588064,97.48708368791765
2024-01-07 01:00:00,32.605779723943435,43.53209305658928,11.065961695379984,1023.4876034986248,142.40543095006166
2024-01-07 02:00:00,32.25586455526112,78.07660704711154,0.7001018401893557,1020.5786217004048,11.427467297938003
2024-01-07 03:00:00,11.457370985328064,82.52758975878223,9.69412346012472,1025.379284414825,21.910576865868425
2024-01-07 04:00:00,31.26092186328238,57.23938886475922,1.5281339237465876,991.3025679600628,132.2163390257512
2024-01-07 05:00:00,35.17730043415251,51.93123709664667,11.040374420619957,1017.6582458124338,70.50580386190772
2024-01-07 06:00:00,14.978136526208615,46.45350068748272,7.538153794147763,998.157460308262,72.71181273364259
2024-01-07 07:00:00,33.42993813999872,37.0182308259825,2.363798543515656,1012.2807491231868,37.37576550112111
2024-01-07 08:00:00,18.59609850187306,36.94467215694581,0.9532169270671144,1020.9911559504568,75.82199785403216
2024-01-07 09:00:00,19.19409259988672,87.15616190447784,10.019947063426542,1006.8076586034988,68.58583555774689
2024-01-07 10:00:00,29.95784396049049,78.51756688353001,2.104157320865079,1018.1681484280996,109.52429952532428
2024-01-07 11:00:00,13.341765148231472,39.88676163536958,11.304725799238453,1023.6164279210476,97.14524410025116
2024-01-07 12:00:00,29.94617346409883,42.42300299303598,1.5449504520528778,1027.8287475945738,120.85285472278748
2024-01-07 13:00:00,36.63570378028668,69.33309303962561,10.13675256362217,1011.8037242073722,118.54973283246645
2024-01-07 14:00:00,30.88933804706219,75.87985291101785,5.3706242471508645,1002.643997220006,66.12005986957936
2024-01-07 15:00:00,23.209836299962276,78.61889071562686,10.536456494986307,1005.6010461338652,48.7151974363067
2024-01-07 16:00:00,23.146431531316743,39.80026148018297,9.338603780497976,1024.6238773649363,52.38503426514736
2024-01-07 17:00:00,32.9528828571792,89.04769728142183,10.308146247142313,999.612665227032,148.54139876416056
2024-01-07 18:00:00,26.96926003677649,43.66812394890159,5.90778406271777,1025.3305760213436,64.3386557485536
2024-01-07 19:00:00,12.547124895754528,65.36492598784184,8.708335642380039,992.3134497408852,114.54262893162102
2024-01-07 20:00:00,27.48013263584214,65.2569453191286,4.164677315939951,1028.8530199336865,16.997603063089294
2024-01-07 21:00:00,34.44531108680229,88.04171313856081,1.0424925798543048,994.7642889263744,67.28692961286376
2024-01-07 22:00:00,20.1119915034283,69.46004658450948,3.172601274821562,1025.335562259966,52.68640449332521
2024-01-07 23:00:00,37.82729738726169,65.09425597928973,0.5156588497104171,1011.6308671226118,28.230921012728498
2024-01-08 00:00:00,32.52151001029504,61.1263547198386,4.674823793867911,1012.4531099073532,8.461662766635516
2024-01-08 01:00:00,27.221914754498933,75.87945228585181,6.179031625316389,1029.2262381618837,41.53254708284632
2024-01-08 02:00:00,32.54931966378755,36.3633156352575,0.7231815077428063,1028.0544844006238,120.03163938238846
2024-01-08 03:00:00,12.374468822146156,30.12551407099365,0.588892875104138,1021.9443258606622,48.13630159523149
2024-01-08 04:00:00,35.78167227041834,87.14933206736782,8.394331036971519,1016.0633379084002,131.5875410172806
2024-01-08 05:00:00,34.64512339601674,59.91946077001114,1.655012181525923,1017.1080554685462,88.93291478123996
2024-01-08 06:00:00,37.296149788306266,49.70012273012345,1.3492233216015466,995.338741121874,121.68667507509868
2024-01-08 07:00:00,13.8589359252814,52.08319560498634,6.19937901600765,1008.6962130981588,149.90757586790528
2024-01-08 08:00:00,12.453402612819556,78.23059896713556,8.758832060179321,1007.1666320220664,97.88166849993736
2024-01-08 09:00:00,14.152467183447694,52.942212745125104,11.737400244279078,994.0763649987896,54.42754311747424
2024-01-08 10:00:00,21.981361303084004,76.21015043962157,3.897068951893924,990.4531375009458,49.953544327114265
2024-01-08 11:00:00,22.72920583242976,56.42772012527124,1.851456700794226,990.6507323056346,146.0397083119304
2024-01-08 12:00:00,26.86655136192717,80.64464776502649,1.288170716459586,1019.4986630721764,108.61228685897989
2024-01-08 13:00:00,13.667306488975152,34.57224384296114,2.8863730107591405,1007.8982404886686,77.86292863448642
2024-01-08 14:00:00,16.041985041441126,58.86769965480818,1.650628556123397,1009.6229847035275,36.04104363520256
2024-01-08 15:00:00,34.34933044852065,58.010982612803325,0.5389201561106607,1000.1422643862604,76.03485940895919
2024-01-08 16:00:00,24.03962722170248,45.85967875872348,3.7783474598405262,1011.633533316821,115.51028869113097
2024-01-08 17:00:00,34.2381462845083,86.61688469667945,2.388379162187896,995.0882823481318,146.33393100180828
2024-01-08 18:00:00,10.22279135633839,84.30170747154304,0.7098738740940039,996.5419890201222,102.55742359336897
2024-01-08 19:00:00,26.547781779472164,56.61577811675445,4.578267809642292,1022.7057613254052,8.57218573460443
2024-01-08 20:00:00,37.95796444230034,35.82957634292815,9.998031550404423,991.0971741232536,72.45025055339788
2024-01-08 21:00:00,27.465263774376105,42.406988933802566,3.9921074257190874,1026.6405404932025,125.01319596529284
2024-01-08 22:00:00,16.182871823358226,46.28951018780749,8.666146969676218,1003.5275169657052,79.02503104305407
2024-01-08 23:00:00,31.532726868386728,59.05318641128635,8.880451897995622,1027.286335586252,54.89557486709959
2024-01-09 00:00:00,21.36957549096753,50.30262667312369,0.7938993325041246,992.5479519059812,129.86021533023387
2024-01-09 01:00:00,30.051518417783797,76.44816418802898,11.56052868374129,1002.5080035156772,88.75082342477226
2024-01-09 02:00:00,10.879591686813136,58.561596458105015,2.098608019385125,1013.726757739366,78.13673131165395
2024-01-09 03:00:00,29.07701078054068,82.22223026660721,8.750847376991803,1027.512193662748,75.51172395804291
2024-01-09 04:00:00,10.96593804813772,89.74690500811683,4.863596051953966,993.600141346567,103.81663777343364
2024-01-09 05:00:00,32.34341965425298,43.19015700007724,10.48455924160648,1022.3677218084272,71.01600028655055
2024-01-09 06:00:00,24.18739006715365,66.70028263050617,11.942051826872952,1014.520956852126,87.23237565546238
2024-01-09 07:00:00,13.65263066419161,80.8501386316886,2.723214124614526,1015.6003221780088,46.83474556294107
2024-01-09 08:00:00,26.279077773655175,86.71419809670505,9.923739607553472,1029.6923640521736,29.92047784412749
2024-01-09 09:00:00,12.00323329675014,47.40518550290283,6.313283897163207,1002.8433125623618,123.9077271546931
2024-01-09 10:00:00,29.60094614059122,73.62256463678278,11.602457239254424,1004.4075188487972,51.283645914634896
2024-01-09 11:00:00,39.88258982103476,30.900968905025746,8.068023470482334,1011.434155009674,23.221365911103263
2024-01-09 12:00:00,33.08192011221887,82.74854630337201,7.322235868932429,1015.0033539267152,31.717994613229752
2024-01-09 13:00:00,27.213223409764733,33.836312946876475,3.139519647436828,1002.4698447904824,64.83599098742391
2024-01-09 14:00:00,13.079057776323875,74.00372392018915,8.76505073957443,1018.2529414336176,46.38689836801806
2024-01-09 15:00:00,30.99502224318744,89.67662321205955,3.8143148012079977,993.2849839649226,105.7869955200911
2024-01-09 16:00:00,29.835036019837933,60.07138684756076,10.226224046519036,997.792191401938,55.73562691166676
2024-01-09 17:00:00,11.47291391868329,42.560039444002165,11.73853207963121,990.5300744393226,89.94825306279273
2024-01-09 18:00:00,33.768979055337724,65.67861497319149,0.5896192870116637,1019.9848044881544,29.231032063324008
2024-01-09 19:00:00,25.561497726715157,67.44899878427344,11.47828044177482,1027.9159241875366,24.804845597916103
2024-01-09 20:00:00,22.776030825997573,70.08436423971884,4.622293371387519,1020.7484400745176,136.41505653267143
2024-01-09 21:00:00,33.645615208043964,40.35670453037407,6.115630314368561,996.914844570134,130.36499668692895
2024-01-09 22:00:00,22.347076696265116,83.92276154594448,11.126983407527334,1001.3543145195756,135.17145690781942
2024-01-09 23:00:00,24.430788265154604,67.25948205002871,9.423513420109812,1016.847131128861,76.5474868079172
2024-01-10 00:00:00,15.448865280214738,32.61412227316421,3.2970586132671094,1002.3778649708086,15.213373213999898
2024-01-10 01:00:00,19.63956698519286,71.04246388242038,1.6138059125233069,1006.2727382598824,49.97714279175586
2024-01-10 02:00:00,35.36598989687707,41.76504279774,10.174101619066434,1000.2321586068472,132.80328916799542
2024-01-10 03:00:00,15.60711246780146,31.64044687916727,9.091191523442182,1011.369070081788,66.26310496494085
2024-01-10 04:00:00,22.518731827100325,63.05719651399533,10.37090336653065,1024.7790516424675,52.39576973650755
2024-01-10 05:00:00,39.671035221858986,78.79881831485979,4.916475276484732,999.5877132152176,47.84704760754475
2024-01-10 06:00:00,17.097994351165582,81.59646889695881,6.159307672279828,1011.1814893263776,84.66930397039847
2024-01-10 07:00:00,37.50496998816487,36.21125550894946,5.847714221691747,1016.6001459642708,70.58019554856034
2024-01-10 08:00:00,37.55192403416899,69.78256714100857,4.11929921133996,990.2630330127256,59.35899388556806
2024-01-10 09:00:00,12.738890266096057,72.6045134674782,4.360232347063247,1000.1189104724572,66.34131591753464
2024-01-10 10:00:00,23.90958174656548,47.671019644289366,8.764466480626158,1012.6906968988922,43.66638132500273
2024-01-10 11:00:00,25.066490059683613,88.28183992108521,9.16031795736398,1023.007980189307,32.81431057123444
2024-01-10 12:00:00,19.410068501563824,46.72124820408281,10.434320844860764,999.1184590827702,34.26800782732232
2024-01-10 13:00:00,11.42018611713211,34.19893136309278,10.216373437869413,1025.953909452852,10.55993973303081
2024-01-10 14:00:00,17.250569117361934,61.156821668569584,9.170283671033152,1022.9826182008665,142.1125675463002
2024-01-10 15:00:00,12.865889246660828,71.65889317058148,4.32694490549625,1005.7629918465811,143.69307725030785
2024-01-10 16:00:00,17.147497171372354,44.679587223758105,8.66553288496567,1022.5389974630708,19.918458320373816
2024-01-10 17:00:00,34.23373258870468,50.31493213379741,11.685181659245364,1023.9699429714668,15.702885780733226
2024-01-10 18:00:00,36.849348636580345,63.81767898189418,11.03675902103057,1001.2664088878962,65.3586585765231
2024-01-10 19:00:00,11.296686762389404,83.20068994737062,11.672108853481031,994.6060532240176,115.77195373389787
2024-01-10 20:00:00,19.05840508788157,74.83955435624486,0.9163864793526492,994.0367540949828,124.77521552461836
2024-01-10 21:00:00,39.41746595782863,42.57551754688684,7.533390074435968,1025.2300053256445,8.101506281339276
2024-01-10 22:00:00,26.18514467661206,45.10662424326618,2.976443361197858,1009.7760886095624,46.07884472417517
2024-01-10 23:00:00,28.78928085129569,61.432841350049614,3.3354369455885604,1016.8581054146752,82.61940543985065
2024-01-11 00:00:00,10.166362252207136,76.13752169789186,10.20670044355912,1005.6023169810142,24.588865321245137
2024-01-11 01:00:00,24.547283303276775,67.12570669156422,9.12720431760479,1021.21008663486,145.64852793971212
2024-01-11 02:00:00,39.64985603867162,60.07945597805495,4.2812278177826295,1022.9685275028684,41.437748001400905
2024-01-11 03:00:00,21.255565824483945,65.82752039041453,6.47902668197653,1025.701428394931,82.04898724824328
2024-01-11 04:00:00,12.911144759165836,75.36360174777964,2.665793586198665,1015.6707925123636,20.899790778664944
2024-01-11 05:00:00,23.85726284705345,62.22478762802064,0.5440128437012718,1025.6848161409323,54.141369628624666
2024-01-11 06:00:00,38.89013397976775,83.86516465224221,10.849518230260738,1024.6741241140144,22.8511322874904
2024-01-11 07:00:00,20.25491840695049,86.82404942941669,8.66088667301726,1000.8657491392826,137.2177904516386
2024-01-11 08:00:00,33.967681996450395,84.9212703975295,6.581412140504853,1013.5419153792456,142.72992912011526
2024-01-11 09:00:00,33.96538993639186,75.27110040360131,1.1221369193896584,1000.4863490243084,83.49147772265685
2024-01-11 10:00:00,16.2474489021681,44.779260239473366,5.339662040356574,1015.5127662931992,55.72796440247602
2024-01-11 11:00:00,23.30103105403635,53.11628676053326,4.8704818617798535,1025.8859007277354,51.90628075623545
2024-01-11 12:00:00,31.468038254629143,46.79999706398104,2.4727904598645782,1009.3255840836846,138.93333255013548
2024-01-11 13:00:00,22.31559356241784,69.45961446354629,2.296165206222552,1022.9824067985368,94.804037597926
2024-01-11 14:00:00,15.730208661112634,49.45329746650116,2.491544668111461,990.6841811315423,64.39091877854703
2024-01-11 15:00:00,39.02482920419256,75.26349629426016,7.36360935141204,1024.6857370860778,116.87446952054825
2024-01-11 16:00:00,29.5225109942888,36.81054470455695,1.934095446161341,1027.7681265533422,82.61698841134428
2024-01-11 17:00:00,35.96379554568698,76.5218857705615,3.243316451629055,1002.5362566990732,36.60596292271186
2024-01-11 18:00:00,10.75727073398931,65.15411847920012,11.382130081545588,1018.3858205052044,39.5811865263263
2024-01-11 19:00:00,18.007174443734044,80.12332122879002,3.0238105211982997,1022.76923753578,44.90449094909239
2024-01-11 20:00:00,25.062133009802285,55.85253912784272,9.284350859732584,994.9707187499944,7.321101218066042
2024-01-11 21:00:00,12.02345905390155,67.4978671925312,7.377460109808138,1006.5778372756226,42.092958468450966
2024-01-11 22:00:00,39.79099783284375,63.26472789393085,5.251303308639955,998.2633362669628,93.64294674552563
2024-01-11 23:00:00,17.093871885940867,88.54027598118489,7.345787775223383,1019.8623559070792,114.24076273529394
2024-01-12 00:00:00,21.22876547036344,75.3284634850866,2.036630344099068,1006.2365930960136,21.44743447975263
2024-01-12 01:00:00,16.42035744725039,62.688794964457,6.068160711173103,990.0054376858884,145.97561408746571
2024-01-12 02:00:00,13.163375983163524,40.44192543232322,11.679535294950457,1000.505346528486,75.86870080145522
2024-01-12 03:00:00,16.974393568127073,84.246853011008,5.418789373746164,998.132097992645,14.025099903053114
2024-01-12 04:00:00,19.01830406509614,42.35026696099861,3.29313431084052,992.990729915974,141.29656741571313
2024-01-12 05:00:00,29.033268036983173,69.0025954074094,11.166329127161802,1011.2326874780624,44.39253282220026
2024-01-12 06:00:00,18.437043443587257,86.18831117848165,7.523904679612582,1003.4777939869743,49.90833414545729
2024-01-12 07:00:00,20.868302829297285,43.41477781270149,8.870358311122231,998.7572559629054,71.60516759002515
2024-01-12 08:00:00,10.178285311705896,43.55541244418492,6.749153182544403,1027.466659959455,52.03398296840955
2024-01-12 09:00:00,20.971573777820936,81.10913462532147,0.6288231153098214,1002.9511250821604,30.76332748248637
2024-01-12 10:00:00,26.01657945094884,79.65930155813308,9.190551269812405,995.108103215964,23.43367650755206
2024-01-12 11:00:00,14.860475111515928,51.10220117866228,11.755017523102694,1010.9271328411052,78.90433130025006
2024-01-12 12:00:00,27.92299325081125,45.90577732091069,8.736157486215648,1025.6934464635167,15.22686004174411
2024-01-12 13:00:00,18.794574058815385,37.64330833570576,9.8007097611959,1021.1183130331056,107.92595418384168
2024-01-12 14:00:00,28.96151484405184,89.27616618600865,10.293246699953826,995.9275686477024,54.57350915384809
2024-01-12 15:00:00,10.785898157525311,80.12058605281598,11.990814519723198,1001.9592214065648,148.9305044854792
2024-01-12 16:00:00,36.62780381403324,83.96349629634221,3.819055238157421,999.4867454528492,14.113742902650417
2024-01-12 17:00:00,10.483558912701218,60.82075956062442,5.667918211666412,1027.1054398212862,12.042905007974388
2024-01-12 18:00:00,13.80874093107884,36.86308993717644,6.742500034986845,1001.1714697823016,41.51231039603197
2024-01-12 19:00:00,33.314873847118065,33.15482030701856,2.2532404845007186,996.7752717176876,55.98361178083632
2024-01-12 20:00:00,11.37685696606512,49.83492616889696,6.031224006695117,1008.2046863765084,122.92076751287723
2024-01-12 21:00:00,31.3299608078653,85.2198259792104,3.685280198117377,1014.4712431230756,125.30270829931874
2024-01-12 22:00:00,39.13138421530387,86.85491010824683,10.124722031160715,996.3404892438828,109.9199555203265
2024-01-12 23:00:00,36.15048799426922,80.46983194614816,4.491231373812604,990.9804242102648,124.73044147590709
2024-01-13 00:00:00,31.30484953962096,39.52074860823244,1.4393736142997715,993.7906006474826,110.60971895996764
2024-01-13 01:00:00,38.75529229065,55.195390266664745,0.6159823175875881,1016.0379093286308,131.58550839578712
2024-01-13 02:00:00,22.894400136597454,44.77457512200757,10.396250106754666,996.5379343091298,72.35441444514561
2024-01-13 03:00:00,36.18636742965422,42.32098648370192,10.37672570869381,1000.3537368090002,45.08353480183795
2024-01-13 04:00:00,20.67873003920844,71.08955100663898,11.24202011409279,1017.0287499350584,96.27145600697015
2024-01-13 05:00:00,37.892909587115405,59.16670006318599,1.3342736291918995,1024.8544841174817,57.86249836874737
2024-01-13 06:00:00,14.463329687263109,49.494578698549546,5.039724466039743,1028.10686883127,14.80826162246593
2024-01-13 07:00:00,38.2008704478482,36.0128677400893,5.424230350697885,1005.3433117801908,129.09623678321108
2024-01-13 08:00:00,34.981485918496375,62.68580225949776,10.400163516864437,999.0548588856186,125.94390787314022
2024-01-13 09:00:00,35.38164514589393,50.82150918401382,3.5063345138711624,1019.565290966575,76.96534635689918
2024-01-13 10:00:00,13.717690297718333,53.465748369027565,3.9753505770350266,1018.496956347388,72.57233569143011
2024-01-13 11:00:00,27.894606950252108,48.63052450768237,8.92636359565829,1028.976903469943,22.235760132332015
2024-01-13 12:00:00,10.49177442627794,53.23171229517104,2.570603642300607,993.9155214125026,23.2551446502634
2024-01-13 13:00:00,31.6355309815182,63.35157507466355,7.806810616037255,1025.125773947835,120.67499378025364
2024-01-13 14:00:00,10.232125423777118,30.84862833582258,9.035406202454732,997.0264096166054,128.83143936435926
2024-01-13 15:00:00,12.544668323357008,80.85881971340865,2.575214855742724,1019.8934157996148,5.8238208166082375
2024-01-13 16:00:00,16.764952313500707,85.31519169773436,3.0523648287036638,1029.8170118900655,118.66570786515491
2024-01-13 17:00:00,36.25373601619674,63.03178142752218,8.547806351401741,999.27113771235,82.71567546095493
2024-01-13 18:00:00,20.9072895396284,46.081267007076974,9.636799651890843,1019.6871918260204,68.415933014774
2024-01-13 19:00:00,26.19879805637676,89.41434001284475,11.46358050960854,1020.9663009444856,73.94645712576818
2024-01-13 20:00:00,27.04309641456935,52.9916418003851,4.04947381968816,1001.2383746900508,108.39219376916456
2024-01-13 21:00:00,16.7639008091788,71.61932365742982,6.809286217316251,1026.8492188548826,5.346580789954607
2024-01-13 22:00:00,27.164403039533838,71.39715283470417,2.188346688928885,992.7865602569416,14.090417649989766
2024-01-13 23:00:00,29.828553850888092,56.0585438795502,5.524294332247723,999.15519837483,126.99360338249086
2024-01-14 00:00:00,18.94736179951988,41.94948944000535,3.5028878725744925,1001.783176151052,149.6594078023632
2024-01-14 01:00:00,22.558805769400777,87.99476255324349,4.51120207443492,993.6021375437336,40.02979127611292
2024-01-14 02:00:00,23.592667736383905,33.82145155919224,9.738704385700418,999.8100873744904,63.0170284284935
2024-01-14 03:00:00,37.97051984626245,59.108963269382805,9.73714182827861,1021.4865355914308,106.78242984667638
2024-01-14 04:00:00,27.624812424385077,43.24384258741676,8.601815311509533,1000.6893417422468,101.39363205341388
2024-01-14 05:00:00,38.44757114854424,47.63844793366869,1.9218520474287863,1010.2646281881312,118.64135224802016
2024-01-14 06:00:00,26.681042612954407,79.71163933167185,3.766288405611135,995.4141563691296,137.54764577080985
2024-01-14 07:00:00,25.01684262547304,52.03593377897505,11.301901960275238,1013.6674841470168,43.29016606577829
2024-01-14 08:00:00,10.10596632898745,35.00089618253087,5.704050736817837,1014.4348139523594,81.42594850283066
2024-01-14 09:00:00,24.426671316248864,41.77854030731911,7.651214641766046,998.7304348246396,25.37162835302508
2024-01-14 10:00:00,37.82364995687955,81.62240461591088,0.7105541327359959,992.9860508929906,145.6951328430606
2024-01-14 11:00:00,15.950970670801574,88.62173100361021,6.457230553237396,1018.0713886395806,114.82295699443468
2024-01-14 12:00:00,11.562734031684966,46.07892963698242,8.425143006980228,1015.3374513978308,32.16587989288885
2024-01-14 13:00:00,22.203366804216056,70.52453926219135,1.177140502579049,1009.2900057189728,112.27870568586752
2024-01-14 14:00:00,21.17189441782336,34.87193984998744,1.8257721300191008,1025.8169032372307,120.83089759012356
2024-01-14 15:00:00,35.71459173613731,73.4079355098809,4.736246916074599,1029.0907750151837,24.78504098072471
2024-01-14 16:00:00,10.798333466798786,54.98619674402755,11.361275777701968,1019.2957652857284,77.38843059140605
2024-01-14 17:00:00,37.60447689277015,85.0895950972735,3.3611770430686407,1028.4909343329628,124.2969441074071
2024-01-14 18:00:00,30.42708996984869,48.692170197200426,0.7484307353731434,995.885784375324,55.33971195485232
2024-01-14 19:00:00,37.12677982192653,86.4880198443315,9.806702432971411,996.3818283390118,12.31886609309495
2024-01-14 20:00:00,28.22587212461916,60.19484562495028,10.26635633759746,1029.9626775193092,54.89177508349995
2024-01-14 21:00:00,34.358599373083734,50.93357544202496,6.671998260897654,1005.061533406138,118.38700604426464
2024-01-14 22:00:00,20.066316206178584,68.82117570820252,10.770043017287009,1012.3784039186696,19.55792112477097
2024-01-14 23:00:00,20.486986840826795,44.98477219866757,2.5588918585967217,1027.789288542246,49.985895325385385
2024-01-15 00:00:00,21.69622690984877,43.78581584097091,3.658689166917551,1014.1589893151288,128.76959313471542
2024-01-15 01:00:00,32.643912447183496,41.78078667748569,0.7351719514028081,1024.8016655474344,28.48062152834133
2024-01-15 02:00:00,21.078735232859437,87.59397382954862,7.209471240210007,1018.2918566743808,61.35453880136643
2024-01-15 03:00:00,17.266594194768018,59.57482365711441,10.704970607256652,1024.2350759197102,85.35683637884568
2024-01-15 04:00:00,38.13005070371787,75.09689777189959,7.473614477570981,1008.8118834995968,30.801187124948825
2024-01-15 05:00:00,37.2403325098912,58.4395128798397,1.4232869340715415,1027.9752090774534,106.59484892482674
2024-01-15 06:00:00,20.46391948260973,65.25240960402701,8.472070754714506,995.0104467359346,118.28950072214803
2024-01-15 07:00:00,29.03914210774142,65.04833886815993,8.273317047682163,1022.3068456116952,97.01463907628488
2024-01-15 08:00:00,18.215266349592277,88.79317847504326,2.417558417067745,999.4116890216452,129.96211089696374
2024-01-15 09:00:00,16.183453861407074,70.1059874507473,10.03331934512624,1014.7525637273284,23.95166890473428
2024-01-15 10:00:00,20.090185869903834,44.38616829428642,10.9924891650833,1021.050488868054,5.477772681312449
2024-01-15 11:00:00,19.812996778465035,30.91185954982649,5.004539486153331,1018.040037245859,43.706342010127486
2024-01-15 12:00:00,36.46828303589849,43.120928380482766,4.050787342015021,1007.5842235176472,126.80515250070168
2024-01-15 13:00:00,34.66911444171176,57.331178537877406,7.108748146202833,1027.213928094827,23.411103286572228
2024-01-15 14:00:00,31.288696856772937,53.60522020358884,11.683947707113497,996.4731723964936,115.7571513405333
2024-01-15 15:00:00,38.78035675776691,78.73957435898095,8.837075869414983,1018.8003298583968,139.74859179707724
2024-01-15 16:00:00,22.67630059324174,77.13340530007514,9.585719353169267,1000.127217810322,86.31195822615251
2024-01-15 17:00:00,17.35099115667029,35.34575807480496,9.33870992757116,1017.5185706558844,133.04070275220732
2024-01-15 18:00:00,13.521953115744676,87.12064349815164,11.505430508634038,997.6248555177586,40.975158758419546
2024-01-15 19:00:00,19.031600746035995,61.64740064298766,9.886210295937266,991.9112401869264,109.80915844903733
2024-01-15 20:00:00,14.357912019113613,65.7842377715888,3.585613739261922,1021.3916949356149,118.11927991593907
2024-01-15 21:00:00,12.7655829210511,54.30340627844006,3.159962098021904,1022.6978502043784,75.68673139109245
2024-01-15 22:00:00,28.087965901207696,68.97005734173023,3.284042415022057,996.4971935686716,92.3991879213172
2024-01-15 23:00:00,20.925623492693408,82.2795782099679,2.948751436126687,1022.283981563558,17.889738793046988
2024-01-16 00:00:00,26.937110277884308,70.43615800916996,2.89502919367652,1003.1216816504796,45.06881465793196
2024-01-16 01:00:00,15.740071621616698,88.20591262917017,11.246777343508564,1012.845896340504,16.13518631957468
2024-01-16 02:00:00,30.307175789582818,72.0673349797212,11.444118100432638,1014.075280585594,39.71893801003066
2024-01-16 03:00:00,16.465163418269793,79.30324418675858,1.5333256505617383,1026.5452964377405,134.4229122685238
2024-01-16 04:00:00,18.34070781232108,32.70237502913007,1.236855020542111,1012.809220826842,9.472654529364185
2024-01-16 05:00:00,32.25281266434631,70.36191083985302,10.355848685807368,1024.75826029453,77.04038272119566
2024-01-16 06:00:00,26.79213686934136,69.28515866723498,6.983031422530064,1006.8608113073392,80.78656861034341
2024-01-16 07:00:00,20.04509238601058,36.10476305889742,2.933012664184424,1016.126892407849,46.43701086866472
2024-01-16 08:00:00,26.289663476355805,80.54324976381662,5.810891887467487,997.6586433525506,118.33539562224138
2024-01-16 09:00:00,30.819541085747275,66.85034423406785,1.3480824386228771,1018.488572183602,90.48384991142096
2024-01-16 10:00:00,37.36396364432887,35.899685423095974,11.795491859852865,1027.110183037497,33.31051967654396
2024-01-16 11:00:00,27.42139640183362,65.66802712336101,2.109441467890824,1007.0870547795296,73.32201861004664
2024-01-16 12:00:00,16.980591366786427,58.70495089973846,9.775363352944543,1015.8915818760768,8.388423515171283
2024-01-16 13:00:00,32.4009289232949,43.99761419326832,11.51906791280586,1011.7719189402222,7.596472441098058
2024-01-16 14:00:00,33.33307052664122,31.18536543478025,8.676627795960709,990.5800360285322,111.55848313586846
2024-01-16 15:00:00,16.01203944887962,51.93403687114571,1.5183362047708262,1026.311318326016,29.978276971097205
2024-01-16 16:00:00,34.617226590336585,67.19106464820457,7.284827274268015,1022.3716136230676,145.42990757782738
2024-01-16 17:00:00,23.948045641684796,49.75674800923757,1.9859897490274507,1006.6193905243512,56.94049673443818
2024-01-16 18:00:00,33.392999862668354,48.43527915093433,10.469925376912194,993.6387318583209,106.31383136970231
2024-01-16 19:00:00,17.12434659964798,75.06727452741896,8.23750309636769,1004.063813630986,72.05902071395596
2024-01-16 20:00:00,19.977408091530293,75.51747885334878,11.333645713880207,1011.0256727019082,64.37202617220035
2024-01-16 21:00:00,38.61091357874959,73.1259501287505,2.177687354562069,999.7669345330272,101.8506740124688
2024-01-16 22:00:00,29.73445219449415,36.07091724631133,5.717370116398402,1023.300203675591,95.77829919153172
2024-01-16 23:00:00,33.18633491504625,60.96995741831661,6.75097592571207,1001.8190812616364,132.14516830436128
2024-01-17 00:00:00,30.651230296618877,63.467919621913104,1.7458873460515505,998.1973276148802,17.241094851412967
2024-01-17 01:00:00,16.129123535452983,74.68827161642365,8.28441545727684,996.9145601827609,78.45044034395957
2024-01-17 02:00:00,24.12066245339628,84.19066333565203,7.014009571597727,1019.0507836564012,93.114329370473
2024-01-17 03:00:00,34.268916181353546,52.14233196228612,4.502483677206385,1011.8649074584648,99.22832624363282
2024-01-17 04:00:00,30.25105380728116,55.71980834034477,5.248549899939839,1017.8389759581316,95.69460841499952
2024-01-17 05:00:00,10.180836569598938,73.9660495439178,9.65663255244605,1001.6138041858378,58.33734626982484
2024-01-17 06:00:00,12.622232279584685,69.75818512021243,4.5987520622801545,1006.0001234264064,9.506178150837618
2024-01-17 07:00:00,20.403841606406782,63.472194055103486,11.685281168818811,1025.8242909145406,108.45697861080156
2024-01-17 08:00:00,38.3309661885577,51.00837792017715,11.059123285853069,1003.216098392372,11.356716610728457
2024-01-17 09:00:00,24.735714429237504,41.721140793426514,1.3979903430906508,1026.1179654639243,73.25358842689624
2024-01-17 10:00:00,18.10528802291001,41.02844232046584,10.30279350356032,1028.6514176174448,109.27286389204907
2024-01-17 11:00:00,20.812711583611296,34.89499742699236,8.248457746502957,990.7813629670156,44.65918148200815
2024-01-17 12:00:00,16.319578826621896,34.872050993165324,1.1361742153336736,1009.7692170036512,9.031083512807273
2024-01-17 13:00:00,22.636001715100377,80.74789341802474,11.486710573405093,1014.8822401401357,18.444469718072572
2024-01-17 14:00:00,16.541063186484237,53.02036495043144,10.0851002746033,990.5000559762648,25.17038216231888
2024-01-17 15:00:00,35.372575219087835,33.64437737690691,10.07586557744925,1004.0065699047904,101.43921855702057
2024-01-17 16:00:00,23.68811797124689,83.78554029211438,11.02991740928234,991.1217443402206,99.76192653605209
2024-01-17 17:00:00,18.394060553073107,43.396228461213866,11.092469461754488,1014.6596590400026,146.86771837720224
2024-01-17 18:00:00,37.98674944424445,46.087465818677074,3.0194146118407845,1008.5263320984149,51.96227832609348
2024-01-17 19:00:00,19.4305406088759,41.66987037266554,11.279670009840816,1000.5165995824096,24.048762188458856
2024-01-17 20:00:00,37.29143986130014,88.05006359296759,1.0511964879173905,1021.1036110603628,30.017065397508013
2024-01-17 21:00:00,11.30254272910831,36.75240517009827,10.636471512530996,1011.7165763553812,9.663689503827838
2024-01-17 22:00:00,31.213451808030285,73.32979452988059,5.752194007802809,1003.2970893452448,124.46235152396513
2024-01-17 23:00:00,24.516671171038787,85.92532458263464,10.058429106213772,1027.412116276979,16.042515159332538
2024-01-18 00:00:00,23.326631839839408,70.08007771933825,3.639974933255589,1029.0333746031474,134.58071257277624
2024-01-18 01:00:00,11.089700330559449,81.52359656715987,9.180925099637742,997.2960423583892,12.023406068484656
2024-01-18 02:00:00,11.220495714741434,44.5468261147951,9.75404891728925,1029.1356717987396,122.9302221347835
2024-01-18 03:00:00,19.982608511858228,70.4356787156315,1.4307797732129313,1013.5041607473374,33.38455468545616
2024-01-18 04:00:00,38.413586197223,72.05228039800906,11.015766298655382,1025.0143372976415,8.347052971791303
2024-01-18 05:00:00,28.529799313440733,57.49995076037855,9.898381870934388,1001.659901049453,106.724062786899
2024-01-18 06:00:00,21.066245250427805,82.23273723681207,7.34781334291286,991.8643095858508,5.384257245159352
2024-01-18 07:00:00,28.359311171647164,71.66316601011454,8.641188099430861,990.5034032502735,48.16212786888703
2024-01-18 08:00:00,16.183946088556826,83.69266746832997,4.476933257394391,1007.2372434096688,13.278442211185858
2024-01-18 09:00:00,14.951993284841125,75.19226119640877,5.911444170690462,990.181953970056,22.598183733192943
2024-01-18 10:00:00,20.85451796594075,61.217425278809856,2.1946725906313245,1007.819257075954,23.18451560679741
2024-01-18 11:00:00,35.90060054621295,59.921292959738594,6.248933787724855,1019.7588098925536,109.86259951334804
2024-01-18 12:00:00,25.28205182050672,57.22365760200304,9.50244548065174,1016.73337008597,145.96243839619393
2024-01-18 13:00:00,18.907045481705666,31.29881177118395,6.921558812211911,1019.2782199173082,40.46507012688031
2024-01-18 14:00:00,38.50754875207453,62.108484000913,2.035070553884703,1013.7832351272376,62.84139813846766
2024-01-18 15:00:00,34.4789826900118,55.37839402285583,10.039847906885628,1028.1595925622182,59.286518671115935
2024-01-18 16:00:00,19.689218284072787,39.45201576615819,8.986847826576954,999.6041067801672,42.23559294571445
2024-01-18 17:00:00,39.16294735683977,37.144181903215845,0.929582216651312,1026.1530603356882,108.342047243441
2024-01-18 18:00:00,39.62053293491172,56.96111269881968,9.756139332818137,1029.269148797772,44.34030587380629
2024-01-18 19:00:00,22.25980401237334,32.39478321277497,10.450311581061516,990.141922814525,79.59011907929509
2024-01-18 20:00:00,29.677693086654244,89.1947933460272,6.392364979589862,1007.2455114386078,23.813789687931493
2024-01-18 21:00:00,22.16959595353684,52.68725587841541,4.853828841754269,1017.0428884419028,127.95464156610537
2024-01-18 22:00:00,17.72044317221713,52.9265515770679,1.460009555851929,1014.5814220271876,104.66903750269724
2024-01-18 23:00:00,12.479580279996048,33.067578032201205,10.025173750539023,1029.5697475397997,83.1199974820007
2024-01-19 00:00:00,17.90831038353496,55.60034003715832,0.5420769367414691,1016.414723287912,94.04239391597356
2024-01-19 01:00:00,18.14439560529236,30.944726238794505,4.450097003149999,1014.6978474012628,37.53361756278306
2024-01-19 02:00:00,21.959172390494185,31.80561799996974,4.268954875837725,1027.0531727885862,127.38809613556391
2024-01-19 03:00:00,15.54658093075926,50.345953989744274,10.988141777028916,1026.0845773062435,22.749337018123704
2024-01-19 04:00:00,38.61455209943429,79.25813686475266,5.666847280556975,1023.367437207061,132.76710084092275
2024-01-19 05:00:00,13.086396561434729,57.52926479595579,10.7195616916455,1006.294987203058,93.9053213871431
2024-01-19 06:00:00,28.756255994164047,30.890434752359266,1.526895199210367,1017.899928065774,141.3537725754644
2024-01-19 07:00:00,23.25092164138662,39.793201901374495,10.229906401000394,1028.2399957236337,46.78363865798609
2024-01-19 08:00:00,22.70554146929779,74.39536331710788,7.542351077827174,999.5954420719728,140.63028737959607
2024-01-19 09:00:00,21.159753487728384,74.29762422868308,6.68606944276535,1009.5192493587188,97.55450470055357
2024-01-19 10:00:00,36.049441305173374,75.2713743842948,4.018492041645073,1020.3028474642504,6.448304515280975
2024-01-19 11:00:00,18.41430941940429,51.10016257101211,6.139246687062778,1013.9106162337108,19.919208989028327
2024-01-19 12:00:00,10.617284721808698,51.1366168223387,3.644726535843056,1021.3499233546894,90.96579733173594
2024-01-19 13:00:00,37.5429104787732,78.12454002233898,5.741906503569048,1000.560417954485,18.78659731013697
2024-01-19 14:00:00,35.93440832720816,53.88827312934991,9.34139483054947,995.2330176500104,113.44212238066268
2024-01-19 15:00:00,18.307053701380088,73.63146030363379,7.693140528680267,1008.848504736947,102.43583596204188
2024-01-19 16:00:00,25.704626449750556,64.86738053287081,8.326146134642471,1016.592584151994,32.16453488073001
2024-01-19 17:00:00,13.272645917929513,51.86050077448255,10.76049274529726,1013.9018563837544,97.35420842944296
2024-01-19 18:00:00,12.802812062832274,34.80039120030774,1.1088024986981762,1014.4270191418702,87.17435366545718
2024-01-19 19:00:00,35.123983253011275,36.96752258840165,2.787844932526612,993.7064746525324,40.71849106551736
2024-01-19 20:00:00,22.30797152707699,83.37352339853425,8.828230315546591,1009.6527516546456,107.59665477857844
2024-01-19 21:00:00,29.85149620606921,57.14043060134309,5.194710669287627,998.0986014046248,41.43954176615428
2024-01-19 22:00:00,38.29601675431458,89.64027233606612,7.97745233168785,1018.4271218561718,130.38551938396608
2024-01-19 23:00:00,17.353917746843866,51.833816909610334,10.824298788887042,1012.3367667067922,62.45513476540612
2024-01-20 00:00:00,10.39479493872584,44.997258280195965,8.964039406089134,1014.0311020863002,76.81420332120052
2024-01-20 01:00:00,10.724452173513171,51.032359188659264,11.230848650012874,1013.8226757968392,100.89241658694722
2024-01-20 02:00:00,31.28157077209516,50.58516581783955,2.2473284553299977,1002.248539154764,133.0299764066555
2024-01-20 03:00:00,37.73655654380434,68.24140389776787,9.20123691564458,993.3347687977132,71.14425896711766
2024-01-20 04:00:00,24.01990819038613,30.76425382103437,8.580210625794567,1006.5235625670038,99.96061236604012
2024-01-20 05:00:00,21.25327444292556,75.7961182360291,0.5868564897408923,1001.9096565557772,91.5431615640212
2024-01-20 06:00:00,26.28581274032213,54.9848775118227,0.994217093841468,1012.788299563771,15.462008743518092
2024-01-20 07:00:00,35.76750512744322,55.93435162017912,0.8883502399557265,998.9255099350694,96.7691120363883
2024-01-20 08:00:00,29.564616213788245,58.8669009078442,6.567600076899232,998.948071892652,11.72322226238282
2024-01-20 09:00:00,16.989396900463188,56.95274692777309,9.429862689752945,1003.0062396270714,78.3135916733068
2024-01-20 10:00:00,33.237406135617206,59.8482539436237,5.161612396531281,996.9329797177264,20.44644031801529
2024-01-20 11:00:00,14.0384049200941,50.75425862145149,0.5371437176759002,1006.0804304452996,93.25831814426938
2024-01-20 12:00:00,14.966799121861383,57.20076821341665,2.511288927491685,1022.9606880345176,109.54268463479008
2024-01-20 13:00:00,28.380468484269688,54.27908014085788,11.407806449996388,1024.0801753674662,118.93815970481468
2024-01-20 14:00:00,17.163502184278933,61.09456307862473,3.3136181289264,994.3298823831026,90.55161835853296
2024-01-20 15:00:00,31.14335642666592,67.39614509136766,10.31393448208495,1003.2292056433304,148.44818699235967
2024-01-20 16:00:00,20.4855558217587,44.46243643305149,4.759457428387319,1014.5284834045024,57.18528912179127
2024-01-20 17:00:00,18.32271880022156,60.50622892848867,6.49491352731128,999.077940228004,6.6430341659643295
2024-01-20 18:00:00,39.967552179183926,65.67731515265423,6.131923972803262,1026.7790763780497,123.67112156857208
2024-01-20 19:00:00,11.218483736753786,31.016898875406323,2.046528670550286,1018.2653348017903,70.58824241482516
2024-01-20 20:00:00,29.37467565049337,61.229624319436695,4.71087485283441,998.8115975602976,83.67459831869684
2024-01-20 21:00:00,11.16098755036733,44.35759476159484,11.995908884332549,994.2673127218897,127.81556585167075
2024-01-20 22:00:00,32.80630773757012,54.27231287667885,6.987454837764861,992.9510342949044,42.98854248747801
2024-01-20 23:00:00,16.902698724948728,79.59180974144297,5.850205554574873,997.518963124812,52.37846534274788
2024-01-21 00:00:00,12.69495601217092,49.57413580562773,6.815150146113151,1005.8219152766944,19.02298276705737
2024-01-21 01:00:00,29.45349135727143,58.99301542494732,3.5246043455761247,1020.0315458490892,103.85982560088492
2024-01-21 02:00:00,31.978036518787853,31.484469219606925,7.01321147103761,995.639957926294,35.88425549927462
2024-01-21 03:00:00,30.34285944756532,48.52505268991322,8.875678458322314,991.458488362092,128.71947505979767
2024-01-21 04:00:00,11.557028414026217,68.3832655851649,1.7153652466985074,1025.668022994924,93.48944602333349
2024-01-21 05:00:00,18.829208366624684,48.90970647356447,3.702171115862378,1003.4150210124584,137.14799546652944
2024-01-21 06:00:00,23.53265038659625,42.34785037090779,2.902606273966224,1003.2144640857651,13.8442621551987
2024-01-21 07:00:00,18.613098691764897,47.439340793379,9.06611116403693,1011.0042964815436,148.79772524285275
2024-01-21 08:00:00,34.315403688111125,87.2626984085366,11.260165643868277,1006.7931891781363,62.67998651064672
2024-01-21 09:00:00,13.933453154580906,35.20810933513669,5.383902763502587,1001.8092050037048,84.12121181103109
2024-01-21 10:00:00,28.36538085071776,57.80146581448288,7.7823282474988575,1018.6231728287412,98.34143933374688
2024-01-21 11:00:00,39.64644830882361,33.503214219517474,0.8589398433624498,1021.6867440325872,75.36535580326401
2024-01-21 12:00:00,37.07669615796607,62.31949447732915,2.0121075155155577,1023.0511868954222,81.5438089786023
2024-01-21 13:00:00,16.664711874552957,38.76214421906686,4.921181482436956,1020.8012110623796,65.4875650161334
2024-01-21 14:00:00,10.00245662841003,68.04508831483042,8.140508742176703,1017.6171125322318,32.09808503445511
2024-01-21 15:00:00,39.41792026185966,45.86384774940727,7.863777810156434,997.7204942568472,145.5692111764407
2024-01-21 16:00:00,36.48138954092133,71.45492333533576,2.709799663751585,1019.2660156236848,121.1589404110745
2024-01-21 17:00:00,37.58417398982838,50.82876358012374,2.028305971149144,1000.9884552718848,91.69427972630434
2024-01-21 18:00:00,22.465106525129,30.25010931645456,11.287823938374794,1018.8727009253196,13.204367945598776
2024-01-21 19:00:00,32.338463864701936,47.69368254109469,4.586636779314907,993.9145161228246,134.73492850668876
2024-01-01 00:00:00,31.10738653397867,43.55913923171986,1.6893855538966027,1008.8726105482988,64.91851705831382
2024-01-01 01:00:00,18.524803259118002,55.16536833478439,6.356558830832751,993.4919531878871,61.683965826269436
2024-01-01 02:00:00,17.08368963300479,79.90108297302989,3.8327866829398105,1025.9307546946047,8.656499503534032
2024-01-01 03:00:00,27.193499269623338,38.13647201622782,7.745438628193571,1016.7187645686273,132.53570015238918
2024-01-01 04:00:00,31.48351330657829,83.07747200500896,6.372805808044162,1010.2992829488221,99.11043135641509
2024-01-01 05:00:00,22.592645067261593,59.37537070171762,0.9841384211177941,1006.9854978046058,118.29553672688884
2024-01-01 06:00:00,40.10110958939318,55.06092628549696,4.3226837800708635,992.4659969223359,101.53207750284504
2024-01-01 07:00:00,30.874462479748324,47.60252690885383,6.2365668817839595,999.1306078732969,53.01801791093188
2024-01-01 08:00:00,24.22634403594422,85.05227519465343,7.266050212500004,1024.294884629868,79.87043089162994
2024-01-01 09:00:00,21.99652475942039,60.3493071156432,1.6113162974551347,1015.7525099599411,25.638246940125747
2024-01-01 10:00:00,20.09632848711089,78.47205396336577,8.207767243015036,997.0871334075088,25.056430937280457
2024-01-01 11:00:00,31.67148632323781,81.41629644566488,4.487486222458249,997.4548407565314,50.38717770481192
2024-01-01 12:00:00,23.261076612111253,85.13931986032529,2.970787911614734,1003.5856899470631,96.71804281247732
2024-01-01 13:00:00,10.96868997152962,47.429456690037334,9.639313227409263,1013.5199649609248,89.96615390533417
2024-01-01 14:00:00,21.200571861095344,49.897151119105835,1.5963273498256776,1011.6482433976131,119.15575521695288
2024-01-01 15:00:00,31.89839110589803,66.34814502138295,11.227371301447317,1011.0101744999075,81.75548749844275
2024-01-01 16:00:00,15.039797557247285,56.906308560047684,8.50680007864972,1025.6425779170381,102.4164405116184
2024-01-01 17:00:00,15.398504349654981,85.1375207398965,5.883678819739935,1024.8190738577136,7.152292724171202
2024-01-01 18:00:00,25.55659562670014,53.93848988574627,0.5716684834378287,1023.2088058264354,141.66344422622248
2024-01-01 19:00:00,25.348322110593728,59.30698321634904,5.061492258127645,1019.1826843353306,125.09298304969268
2024-01-01 20:00:00,29.661442983782432,65.60856876852083,8.019191352886478,1006.4122953618061,140.93506441532912
2024-01-01 21:00:00,35.38599552051282,54.747397723708026,10.275991151632875,1001.1142894321895,30.758501502809267
2024-01-01 22:00:00,31.762659335401505,88.98404622507722,7.599976673276722,1028.095215700947,29.025380691385443
2024-01-01 23:00:00,27.71885560731543,36.41731711573654,5.452684916846142,991.2501406184717,80.58507824959369
2024-01-02 00:00:00,31.43951952392187,42.58578191025724,5.950301416255077,1014.5175874213812,120.2690741825555
2024-01-02 01:00:00,19.736402468117088,47.82126370942591,10.620098606210329,1024.4818668874052,112.4511599011296
2024-01-02 02:00:00,20.359372259259768,37.47644781740843,4.547333328323353,1001.9789717743279,46.28424479453792
2024-01-02 03:00:00,17.009238226486357,47.09413002886732,1.2705505172798324,1030.0526177214165,76.51462624130765
2024-01-02 04:00:00,18.553480645639112,76.97604209815424,5.69928920141038,1025.1509891286084,39.567744147098196
2024-01-02 05:00:00,28.804017553638136,60.60289968865503,11.801308820515573,997.31816374614,85.7802726235331
2024-01-02 06:00:00,12.50474883938311,32.581399640931465,4.82184816611217,1000.8947890674971,88.98824681723951
2024-01-02 07:00:00,23.806485131876777,87.54147801642262,2.4248928926569437,1024.8576052868514,15.006607071153242
2024-01-02 08:00:00,22.920086596260173,66.90407824556081,1.0896344123275157,994.5591201132249,97.75942027342019
2024-01-02 09:00:00,24.356325203800452,32.50439195127573,2.5806558682033156,997.4527415145712,20.131574199635477
2024-01-02 10:00:00,23.128145774399666,69.11465915724708,4.141246482243187,1014.0693518408863,11.274051350670153
2024-01-02 11:00:00,18.84355257771102,52.74255338387674,7.382699324306724,994.947695872612,134.79284791855883
2024-01-02 12:00:00,22.88023444899679,37.407189963430035,7.937381947482415,1013.2022553729568,41.84944884663734
2024-01-02 13:00:00,35.960106106484545,63.492173610477735,0.7333136967376803,1012.710186342591,71.37002332106348
2024-01-02 14:00:00,37.75441887396639,74.48231718393889,11.305785299152644,1013.1697918187241,140.95059019964452
2024-01-02 15:00:00,25.139641174237667,69.77599342645541,3.3951127091908613,998.3478243369207,91.96746662135193
2024-01-02 16:00:00,29.03571867500954,45.56293066810858,2.5121643103276567,1022.827138854085,57.5679978985454
2024-01-02 17:00:00,13.542144950920807,60.529284905805284,6.523344312395858,1029.8544861041742,127.6569699513525
2024-01-02 18:00:00,19.468899981214058,62.7112833475908,8.483096819631248,1002.0872531985138,35.012013092206395
2024-01-02 19:00:00,22.315479150839973,74.23664563077801,4.026593456360011,1024.3523381540883,76.11820033764293
2024-01-02 20:00:00,35.35433218016576,49.48581007370742,8.168029642873151,1001.3697963604517,85.30390975160732
2024-01-02 21:00:00,17.204528108397604,77.18487529298606,4.040732554329686,1004.2313106284201,92.30052111485874
2024-01-02 22:00:00,24.293209322080326,68.16706738343646,10.990393351668857,1020.8336969967191,7.539366565830421
2024-01-02 23:00:00,40.020768479108504,32.1268697343853,10.349065404821008,995.669747768066,59.6407396280522
2024-01-03 00:00:00,25.732118427423547,63.10501610950345,1.5799918009393121,992.9204486555327,78.97042733785261
2024-01-03 01:00:00,27.62970856716553,81.20003510561547,2.4738199339918534,1006.1830419675492,71.71395781698708
2024-01-03 02:00:00,13.75803593064951,64.12823790641315,8.41698891980135,995.128740155305,125.91556574208414
2024-01-03 03:00:00,34.624852699039344,40.417034374357634,0.5714139524461889,993.0629640576252,108.00430231416058
2024-01-03 04:00:00,27.801103688167938,61.61771668259286,10.038269410379723,1013.035513859661,138.7807164845195
2024-01-03 05:00:00,26.614720971835972,75.63355686936157,4.642881003805513,996.8752769256304,36.80997392368016
2024-01-03 06:00:00,20.72567168283501,36.89400249069661,8.96575875771498,1001.9035647461359,24.82324871490933
2024-01-03 07:00:00,19.52355643025243,78.6749606012279,0.8898920141333839,1019.3784461017258,32.745193477981324
2024-01-03 08:00:00,22.15026931061701,39.63338107722952,2.9020194454263404,994.254262498313,99.17408103138602
2024-01-03 09:00:00,30.306233541058138,61.67598174771124,1.5217601880263265,1029.2888814613389,43.33160922454564
2024-01-03 10:00:00,36.40596438244858,53.48074437187403,2.6641573048169365,1003.2234676635958,101.9142870151742
2024-01-03 11:00:00,25.731612230626826,44.55868088882674,4.8552683190922075,1011.666566739898,104.49283299313369
2024-01-03 12:00:00,29.8736349360366,69.09288465261382,6.289388847441466,1021.6614797020335,18.58037110284595
2024-01-03 13:00:00,27.498366423363418,34.0120952725684,10.531034489726101,999.0431520101534,112.01284274445509
2024-01-03 14:00:00,28.271996027537472,76.34508401784424,7.915761824765981,1002.2284052379185,51.34535621974977
2024-01-03 15:00:00,29.726967643762787,61.33861486466045,8.31669594587033,998.7679042891159,36.84555250868638
2024-01-03 16:00:00,35.61920755509612,83.56989631132133,1.3801431151264152,1005.5741753537736,43.08535639961393
2024-01-03 17:00:00,13.078278938380903,60.895354628882124,3.599939079615551,1019.2328944010683,133.73844325320516
2024-01-03 18:00:00,32.879560920918664,30.36518662031422,11.675838321811362,1018.6162643404017,87.61563849418987
2024-01-03 19:00:00,17.740952525627314,37.75700963292485,7.1502511314864154,997.5825840306886,98.9262355938434
2024-01-03 20:00:00,15.981991277321521,76.1420656003217,9.477146251109643,1008.1628920511054,39.47265541500688
2024-01-03 21:00:00,26.896665847600694,59.21901801361965,0.9348581502018114,1017.2187826019662,59.140970791672345
2024-01-03 22:00:00,13.026574711575604,56.52845165137817,1.4585744173251203,1019.9906289808132,124.54869521013717
2024-01-03 23:00:00,37.22030552859572,50.53467582673484,1.8405885482480293,1014.707737938777,56.922976023402356
2024-01-04 00:00:00,28.802083880152978,47.351545570994666,0.6893799410117902,997.9646355769536,123.02064797166211
2024-01-04 01:00:00,32.37441774377415,87.76647054931853,10.87574773814296,1023.9295817374513,34.4124314456248
2024-01-04 02:00:00,9.358842103167575,56.68494418947128,3.5930835005019617,1001.810765671054,109.89654771835161
2024-01-04 03:00:00,28.18591757066282,81.15594600774834,11.873180581299327,1004.7760223751466,21.273407032526787
2024-01-04 04:00:00,26.740937622344727,69.09056814944054,8.71307440106761,1011.3950836299673,125.53984138147842
2024-01-04 05:00:00,14.640382379632909,82.16255747779269,3.306274138119493,1025.0564956530332,105.0730482934407
2024-01-04 06:00:00,14.631521578511265,79.88698404974473,12.171295124333113,1015.55628717353,143.51805270940213
2024-01-04 07:00:00,30.012336104820747,88.35338046846816,10.63857611036533,1017.5935223754045,8.334693070911504
2024-01-04 08:00:00,19.468655993676318,72.1649864881883,2.3357871631397367,998.7720612290954,24.12038407283696
2024-01-04 09:00:00,30.91246875544718,77.96992533510293,2.5694049317926155,1004.7744089853303,10.218177294056794
2024-01-04 10:00:00,27.266170380319593,74.52690365617671,8.26523108314512,994.8814958414849,4.394716667394254
2024-01-04 11:00:00,21.445949132447147,68.24859853258417,1.7676789822909238,1019.5122184607212,122.85252639553579
2024-01-04 12:00:00,37.40677187483539,73.19622676093758,7.289614908802906,1028.2011636320653,95.39975367031775
2024-01-04 13:00:00,35.034623301698005,73.15654776642268,1.342024450784756,1019.80018708427,95.7806043215846
2024-01-04 14:00:00,21.11504104578857,32.063019660073586,3.2272190254638313,995.0903643660587,58.470723298501284
2024-01-04 15:00:00,11.4489241407959,60.24244871885745,11.449310399627178,1017.5199081863144,12.417658142248012
2024-01-04 16:00:00,18.915539804522176,78.26665869326841,6.187739365054192,1006.844879491874,66.56970320028267
2024-01-04 17:00:00,22.165990132179246,43.848212776789865,7.062957350341629,993.7349601893347,30.870400477919077
2024-01-04 18:00:00,31.19045429506334,57.96986490768768,3.588688693714775,1029.3517813189526,141.2029215149272
2024-01-04 19:00:00,40.27673334430882,55.69210319213811,5.5541228818886585,1017.2560644005767,133.02043128903318
2024-01-04 20:00:00,20.375953407318672,54.57539649795555,2.158273169354621,1015.1528998591823,49.94076856591949
2024-01-04 21:00:00,32.735721835508386,37.5947043942552,6.450278782716322,1025.4527035722429,5.119387338061999
2024-01-04 22:00:00,27.62691896106424,62.42684011630283,1.25012367177166,1001.6313629263645,10.21777758347688
2024-01-04 23:00:00,30.122556090526658,56.34028752093589,1.0405858878942185,1016.0831259451105,81.5224174199403
2024-01-05 00:00:00,14.66099067849154,69.57358943575294,8.329862578596364,1009.0934134694246,125.76637869749291
2024-01-05 01:00:00,22.078397430112265,62.13072250181955,0.7787303843166002,996.1615954123567,52.38439898142197
2024-01-05 02:00:00,17.227872875531975,31.27396786183411,6.656897641597185,1011.654952563165,97.06451973506968
2024-01-05 03:00:00,20.20293835936412,32.236598772174894,3.620611748054873,1014.850508454993,131.126167822086
2024-01-05 04:00:00,24.786022001095734,72.72666173048765,2.835066508850593,1008.823004416584,98.04328271025517
2024-01-05 05:00:00,29.81809284978063,71.6690368429675,6.580708871803265,995.8151448421179,3.993257670015569
2024-01-05 06:00:00,13.03007782208228,88.33738939380588,4.278841289207237,992.6334474111497,83.08791606423287
2024-01-05 07:00:00,13.582315274202749,83.75749811373684,5.723698564564107,1016.1260229762827,32.71814039811116
2024-01-05 08:00:00,19.59015499557621,58.435891774499986,2.2942790756538463,1023.2339286723123,118.50986437004686
2024-01-05 09:00:00,30.020447359511802,69.15371668156507,1.7705862802715848,1026.4060785492356,68.24586500143222
2024-01-05 10:00:00,36.20519817874343,56.77151324687781,1.833505894436128,1005.5991944812248,66.79139618420837
2024-01-05 11:00:00,26.672691756894256,42.316132125748,1.1365517846617275,1028.483046481774,50.4083518317449
2024-01-05 12:00:00,35.74417812337403,51.084869700496945,6.757339175531152,1022.98113552489,37.594982613811595
2024-01-05 13:00:00,21.513163978431557,37.50791960948611,9.53272851404233,1006.8140436332982,29.46091797222974
2024-01-05 14:00:00,18.67963192180851,70.54924986451694,9.578480019617704,1006.0820959981676,62.96959373391346
2024-01-05 15:00:00,20.616554040175956,41.47444171818743,11.553687486100488,1002.4247083875792,82.60739075045257
2024-01-05 16:00:00,15.15832038489597,58.76664466678084,2.5904604055432823,993.2812705217434,135.7222196176939
2024-01-05 17:00:00,35.9312038452141,87.0871020368811,2.147323056503984,990.3435118161673,61.17624132243303
2024-01-05 18:00:00,20.0775170946224,33.984302191227464,5.931094820203863,999.7143684344871,53.21097027811671
2024-01-05 19:00:00,26.700599988071264,39.21391382704381,10.466162107036876,1002.0526151032924,122.55689457584744
2024-01-05 20:00:00,27.341637278309747,48.00797267755151,9.746552802519656,1019.3612079105442,105.46744629875744
2024-01-05 21:00:00,25.144109885287133,87.12688547321558,6.908853275289853,995.855040344133,19.55421389525927
2024-01-05 22:00:00,10.571420460656274,84.94040348251747,2.3385896682840026,1017.4474524120524,102.17881751877235
2024-01-05 23:00:00,39.97327578848589,39.910834941224785,5.185420496951441,1019.8852359109395,142.5228831831795
2024-01-06 00:00:00,37.49995127822325,88.19345751228286,8.968086257595196,1008.454947966953,82.16503183163987
2024-01-06 01:00:00,15.838544752139638,75.44661689294175,5.0042769441174775,993.8647686319783,77.78367682354545
2024-01-06 02:00:00,19.37710413441367,64.0024066196087,1.0628883371365916,1019.3181199365556,109.87787057261073
2024-01-06 03:00:00,24.998287913890696,87.04868301359323,7.012424261110338,1026.155035551149,33.426833891519856
2024-01-06 04:00:00,37.30936350060304,84.19407476288593,9.070564186478117,1005.7430299184233,58.26279080233913
2024-01-06 05:00:00,40.44960480824452,53.04335318214464,8.5170398039139,1020.9814033855497,52.10328138936966
2024-01-06 06:00:00,17.30088193668936,68.53729240311262,2.449504933347555,1019.415071963928,146.9217445911462
2024-01-06 07:00:00,26.687578064765784,68.73591844338938,4.2304430277529415,992.911062502817,30.776242462035626
2024-01-06 08:00:00,34.2518552156406,49.66557756179715,5.194132834485299,992.2680011031641,31.726670593723533
2024-01-06 09:00:00,21.614886965734126,41.69583419387619,5.3937068925486855,1017.5635697404892,73.34065883512773
2024-01-06 10:00:00,31.26626780239846,56.56634590185956,1.869683013257838,1023.5198682523899,45.69662491174621
2024-01-06 11:00:00,14.861514398388563,47.100280242292335,5.008266523782388,1026.3273698904352,131.28943709441558
2024-01-06 12:00:00,27.564756964943122,51.16925993644724,6.611797396357077,995.2900577077485,69.70298173648659
2024-01-06 13:00:00,36.179315227714824,86.88486814829537,8.751695295848585,1013.938120314938,105.55368909456863
2024-01-06 14:00:00,39.1108069565698,56.80579970750597,7.005447773456256,1001.0862848287695,122.89544149520923
2024-01-06 15:00:00,13.046583908338057,69.68328909314683,5.32728534287397,998.6719062466225,43.241315811813195
2024-01-06 16:00:00,22.514054730080392,50.875264827707916,11.37783250073637,1018.9768093867812,111.46098492099047
2024-01-06 17:00:00,15.99797836605747,89.81414317645358,7.160750235371609,1006.7754743796398,66.12415364118888
2024-01-06 18:00:00,23.8684548907807,68.42680626458184,11.815798086687694,1008.7142312041798,39.30149282221642
2024-01-06 19:00:00,25.904319751238557,40.65695661257103,10.598892377367731,1023.1515593270269,130.98196518914835
2024-01-06 20:00:00,12.897482639666201,35.60489840427921,8.194049802559482,999.5615578197056,87.27626590854732
2024-01-06 21:00:00,19.467168017698537,88.01310379481771,11.085520356130406,1011.9598234425079,77.07501967020055
2024-01-06 22:00:00,37.13720300183502,86.46545716683796,11.872705725095532,1023.0618261785626,31.551690183058778
2024-01-06 23:00:00,27.14940186546792,65.99878770203136,3.062307848251291,995.5401830031581,136.25052589174578
2024-01-07 00:00:00,23.833965060297277,30.81007811944404,8.416526952842757,1013.2258342111387,97.0180532293021
2024-01-07 01:00:00,32.941528949211474,43.299689569933285,11.068718224826132,1023.7381568748921,145.53618486213756
2024-01-07 02:00:00,31.72466336140508,75.77843436069686,0.5061288426552113,1020.469145047434,8.063376158030596
2024-01-07 03:00:00,10.890308673841504,82.48132197086079,9.43932337423605,1025.9559220192812,20.169598307519642
2024-01-07 04:00:00,31.485066593012128,57.04259622942001,1.810262862362781,991.9971714025266,131.99936259965648
2024-01-07 05:00:00,35.304838752042656,52.52451470284856,10.890514560177309,1019.1731026004642,67.0528566551307
2024-01-07 06:00:00,15.085709204720334,48.02910283854258,7.362738564836033,998.4965372217475,72.34227761359959
2024-01-07 07:00:00,33.57871828206552,37.97824187692999,1.9827814610431485,1012.4713351947864,40.86712859278208
2024-01-07 08:00:00,18.30406589234597,36.7155365920765,0.8401601523665172,1021.104867918741,75.86588808802802
2024-01-07 09:00:00,19.293832581540332,86.21322734438577,9.785841868205027,1006.601061496833,69.0706234546671
2024-01-07 10:00:00,30.08370220717203,80.71047522382852,2.3946926129788615,1018.3661565170249,106.87622744958688
2024-01-07 11:00:00,13.03499114119041,39.93722507918564,11.483401069818346,1023.4436224243678,95.85004090278039
2024-01-07 12:00:00,30.747419333534243,42.43487294622783,1.423190332896727,1027.927294797384,120.06442841131424
2024-01-07 13:00:00,36.83918853603573,69.31253466117144,10.535294617654671,1012.5744994601293,117.88209594956632
2024-01-07 14:00:00,30.377739780135535,76.04865236277944,5.544336116246302,1002.0551845672817,68.8132673281507
2024-01-07 15:00:00,23.49178937834258,78.49587288076476,10.47898139780903,1006.2678583905088,49.88711254265577
2024-01-07 16:00:00,22.727860231505765,39.31141099071338,8.89636330238854,1025.3943703808259,50.04945017292111
2024-01-07 17:00:00,33.29089170223406,88.58168723039888,10.713501621259732,999.5435968686944,149.05939644060902
2024-01-07 18:00:00,27.466812080970854,43.640212997880276,5.6619155394875085,1024.0893219950578,65.38560384310593
2024-01-07 19:00:00,12.194687710140641,64.90184239127711,8.417201664328903,991.9578827843046,116.9385035938312
2024-01-07 20:00:00,27.893848837697682,64.64948830507048,4.345609140677893,1029.6117427397285,20.318903398046164
2024-01-07 21:00:00,34.62257742349732,88.13240847532276,1.4741781058285084,994.7509114449948,65.15384141843667
2024-01-07 22:00:00,20.465020395016527,69.24276578842253,3.417532087553962,1024.7509850959518,50.982493074611675
2024-01-07 23:00:00,38.641863956505404,66.37589516719044,0.6154359436724679,1011.3355811897069,25.588284983461833
2024-01-08 00:00:00,32.41612952986646,58.86731041699256,4.780058587423236,1012.9448603060081,7.969900521573593
2024-01-08 01:00:00,26.89822720022691,76.80958824120906,6.330033482475912,1029.5460692884856,42.51253844809331
2024-01-08 02:00:00,32.167322933591386,37.425176711932295,0.8574650057763364,1027.914712623467,122.10639423592004
2024-01-08 03:00:00,12.024123902560763,28.358658644247924,0.6386463941252707,1021.7297389544992,47.9767004141876
2024-01-08 04:00:00,35.74856139564465,86.85730819949416,8.412768198156268,1015.8341651312899,130.91542311791295
2024-01-08 05:00:00,34.79162910130899,59.60293458041993,1.6439370628911518,1016.5684590258627,89.25181443043688
2024-01-08 06:00:00,37.41497302163361,48.50070081853671,1.2158181452135068,996.2837122315643,119.93173107239606
2024-01-08 07:00:00,14.214164897269889,51.420373134810454,6.149716858540252,1008.5076603463425,154.2984692597977
2024-01-08 08:00:00,12.458986198670788,77.28421322232815,8.459283240844774,1007.8786519228186,94.50337830263953
2024-01-08 09:00:00,14.776678827700108,54.435423474922594,11.720000202616369,994.9663125986863,54.81575137543353
2024-01-08 10:00:00,21.867705985582823,77.00749597582639,3.722149369499005,991.0371347490093,54.2058891549723
2024-01-08 11:00:00,23.897366451988358,57.51128557517076,1.6561895361327832,990.3982407468394,146.05399729936786
2024-01-08 12:00:00,27.135240517579604,81.25962616260706,1.3200008731011337,1019.7348392595289,108.21294458581403
2024-01-08 13:00:00,13.299205227310626,33.61011369598197,3.1326714620186245,1007.8840864134464,77.11180364757662
2024-01-08 14:00:00,15.58209656855467,58.42072567739238,1.8131138911282587,1009.0943323561322,35.66197401798079
2024-01-08 15:00:00,34.556525384200704,58.42800690745943,0.26103852461546967,1000.3320098135223,78.91972161942715
2024-01-08 16:00:00,23.943662445334617,44.81823315067235,3.603244387272912,1010.9438123144037,110.86234905287526
2024-01-08 17:00:00,34.54476958933367,87.22447179047418,2.554837571677664,995.7830573883823,149.55624214446377
2024-01-08 18:00:00,10.426020465582857,84.09691233588381,0.5360342721161176,996.2701947088226,99.56516315516082
2024-01-08 19:00:00,26.516505832087724,56.29637168398321,4.5385216127512695,1022.823436776679,8.01185060503168
2024-01-08 20:00:00,37.594313869943726,36.43542634568442,10.095356807288548,991.2628933773453,71.54824932746826
2024-01-08 21:00:00,26.814721560215116,42.78557133017638,3.8207702505877674,1026.4890848770876,126.24996398312449
2024-01-08 22:00:00,15.99111860835405,45.981910094501224,8.684791927532277,1003.8707242432708,75.66678092629277
2024-01-08 23:00:00,31.900502284141623,60.041118216136745,8.64441175886493,1027.0085239054647,55.86677051154621
2024-01-09 00:00:00,21.461516787802505,49.38139024730761,0.6874943928026953,993.0576480586569,134.1140382700764
2024-01-09 01:00:00,29.516543239981587,76.97303845079206,11.617110340174412,1001.7206251241644,85.88629085276452
2024-01-09 02:00:00,10.95396321492353,59.0670122548381,1.8167464928029884,1013.8006879416741,78.53537410736443
2024-01-09 03:00:00,29.242483058720737,81.9584478885565,8.828784207155685,1028.6464387178116,74.12065465654648
2024-01-09 04:00:00,10.586370680432918,90.0248217703272,4.860121374139688,993.0149621786294,104.71158425130882
2024-01-09 05:00:00,32.40943599515143,42.12401094741441,10.582315848362281,1021.9712509310585,71.05623684615642
2024-01-09 06:00:00,24.21238745828607,67.48769935883192,11.981670802341776,1014.8215854143463,85.88437449106011
2024-01-09 07:00:00,13.16178880492414,80.69257285459331,2.964582747711621,1015.7053748891929,47.85994560804499
2024-01-09 08:00:00,26.432727447237312,86.26875565608147,9.945896612153595,1029.8974775227807,33.71208032063499
2024-01-09 09:00:00,12.244058907086169,48.29910677947002,6.237305631337853,1003.1294798658785,123.50656770793123
2024-01-09 10:00:00,30.066056114919597,73.02235274590096,11.624096345659092,1004.7788216079022,52.79612345770585
2024-01-09 11:00:00,40.33513890258346,29.700737783096066,8.164153674029189,1012.0833131577831,20.50372128185041
2024-01-09 12:00:00,32.49028812028752,81.4220527858073,7.330881084366128,1015.2430918363137,29.708168174919226
2024-01-09 13:00:00,26.810479972657724,34.35272898591286,3.1467018703222327,1002.3287125974623,65.82869123379746
2024-01-09 14:00:00,13.300236636898676,72.91259620353401,8.640841557448825,1018.6463871942027,49.505574846630886
2024-01-09 15:00:00,31.215664592240525,91.17198456507406,3.697022271638926,994.3963870595725,106.53427064212627
2024-01-09 16:00:00,30.056220213720923,58.29725469678445,9.978049521547652,997.7146026036673,55.07777624671806
2024-01-09 17:00:00,13.12744675450641,44.005687780576636,12.048099130227188,989.959989074993,89.94676404360786
2024-01-09 18:00:00,34.01414462109096,65.85843513016795,0.36953230047373875,1020.6324304586284,26.60346311748237
2024-01-09 19:00:00,26.049159699387957,67.36658396246385,11.355679007308115,1027.8455029704608,26.075155798072906
2024-01-09 20:00:00,23.185721261721252,69.62000725056322,4.4951796456278394,1019.4774602242751,138.269164509987
2024-01-09 21:00:00,33.92535134248976,40.69683143877282,6.273976669254654,997.4105738347582,129.4149877522464
2024-01-09 22:00:00,22.211686176928936,83.890690844938,11.074795527036436,1001.0411553744757,134.1837245728885
2024-01-09 23:00:00,24.756723124547516,68.19966923096067,9.644286721336101,1016.7941704852159,77.10619526806975
2024-01-10 00:00:00,15.116980045828168,32.71146224215236,3.177892359507104,1002.5720685999818,14.295663585946512
2024-01-10 01:00:00,19.537866630020005,71.17054468396825,1.663170651892096,1006.3841777813325,49.83817371808702
2024-01-10 02:00:00,35.15755338134445,41.45518785565566,10.026296771689108,1000.6471775249131,137.2155809494973
2024-01-10 03:00:00,15.642272834504412,31.591920228116095,9.470750460287508,1011.1143169357953,65.74401263811694
2024-01-10 04:00:00,23.51274830906123,63.31949215773299,10.160771778246197,1025.079211016322,51.642764592729435
2024-01-10 05:00:00,38.86914918806024,77.34148517130345,4.971294411370937,999.4358822117354,46.486322866808
2024-01-10 06:00:00,17.39270474602362,80.44760232467814,6.271447045719765,1011.6136826325703,86.23312644280911
2024-01-10 07:00:00,36.81239866046954,36.84463372087632,5.920931110654274,1016.9601269259914,70.19937655900405
2024-01-10 08:00:00,37.34925567533997,69.92817143772072,4.086514736869795,989.7158150781728,57.99442104791994
2024-01-10 09:00:00,13.206533683147558,72.44773065294359,4.3372620993851845,1000.7541940984988,69.11786419766547
2024-01-10 10:00:00,23.937186421985697,47.68672826207089,8.7722184058936,1012.3771661364915,46.64949208859455
2024-01-10 11:00:00,24.60365891558592,88.57803434351312,9.134307680162339,1023.4806821615562,31.552598672925964
2024-01-10 12:00:00,19.102885538664022,46.26128784284127,10.604867930879827,999.3333167795788,30.34571729829821
2024-01-10 13:00:00,11.712035365773318,33.53569300774385,10.607499513671442,1027.0292199705225,12.677098490135823
2024-01-10 14:00:00,16.936917471173587,61.323712708357036,9.071642049116072,1022.8518938754253,140.67390716321628
2024-01-10 15:00:00,12.958846112439833,70.82516528641871,4.084574360770411,1005.5586466390773,145.35447394173127
2024-01-10 16:00:00,17.16706772947967,45.02748294818246,8.649912413651625,1022.5276372781645,15.778541818842449
2024-01-10 17:00:00,33.95390665908497,48.864062426003905,12.141630919995066,1023.7925872407299,17.578562796749644
2024-01-10 18:00:00,37.77005279220653,64.69468187037737,10.894558247835448,1001.734363179702,62.81353856246986
2024-01-10 19:00:00,11.56891955105431,83.60341752533265,11.96213131578202,993.6605352004301,117.30755932384301
2024-01-10 20:00:00,18.188719537519123,75.05773206269394,1.2132359286943644,993.4203653184444,124.80520851713597
2024-01-10 21:00:00,39.4975376645944,43.412925223772454,7.435439138646783,1024.605356262078,6.0969268737381945
2024-01-10 22:00:00,25.900944379000215,46.525871095262424,3.0771182326193647,1010.3320046268632,45.22351094254471
2024-01-10 23:00:00,29.155353323823714,62.29724459941965,3.6235625975700287,1017.858789173554,84.06161426139418
2024-01-11 00:00:00,9.826018891142839,74.56880656904369,10.139618243802152,1005.5412157185704,24.811388718200718
2024-01-11 01:00:00,24.498010414591707,66.03530534198809,9.091183164556448,1021.1113284003869,146.8765956789936
2024-01-11 02:00:00,39.866719849911206,59.54701202347388,4.178306213674513,1023.0095069918782,45.59098039279601
2024-01-11 03:00:00,21.627359291018895,65.84975407943938,6.299477399890855,1026.3811101779975,78.76193729560377
2024-01-11 04:00:00,12.395684540094921,75.8047288618287,2.5509115523427743,1015.1283045165349,24.298152309364706
2024-01-11 05:00:00,23.713613262423763,61.606339458132226,0.3274509924062686,1025.8242585032256,54.36066003550632
2024-01-11 06:00:00,38.68617151458113,84.02431938645199,10.855548899554998,1025.244600438742,20.962454706383184
2024-01-11 07:00:00,19.974350017869053,86.18034405623692,8.524648955463643,1001.1588818866145,134.4223096846375
2024-01-11 08:00:00,34.7258459167167,84.40016080036841,6.622777811068194,1013.6528178471866,142.33251725810322
2024-01-11 09:00:00,34.13930694574432,74.07240333552853,0.8468394635301211,1001.0719463210307,85.42820535735879
2024-01-11 10:00:00,15.705969717939945,43.992519930993886,5.398207410250187,1013.9314150098298,55.459936543507624
2024-01-11 11:00:00,23.695201458550212,51.96443833212234,5.017965019198591,1026.2824478573627,55.08177596408065
2024-01-11 12:00:00,32.37938572829029,45.9683991689546,2.120022360412895,1008.9429593926386,135.8838759012756
2024-01-11 13:00:00,22.7589796845943,70.3574834209111,2.3623501218226726,1021.9115133764956,94.77863424901408
2024-01-11 14:00:00,15.077724182365017,48.644259904415804,2.7087662736157845,990.9832271620719,61.75917712091326
2024-01-11 15:00:00,38.81687773502712,77.50670090853293,7.149577584074962,1025.489307208013,117.63859454676664
2024-01-11 16:00:00,30.06657852182975,37.23092934641468,2.2300374805521694,1027.6877211861947,84.48066671512439
2024-01-11 17:00:00,35.65989106373288,76.67939529438597,3.3174569426810874,1003.0936743475719,35.721786831475576
2024-01-11 18:00:00,10.947866372129509,64.42266229777444,11.257386516182015,1019.3289796628623,34.108770391886694
2024-01-11 19:00:00,18.33983647332381,80.72009567650231,3.0139428380845503,1023.538443224866,45.32255455998803
2024-01-11 20:00:00,24.664068180869624,55.362004928717525,9.383140247652129,995.9300739707492,8.23885038484672
2024-01-11 21:00:00,11.997896240503524,67.60183879409124,7.390908370903603,1007.0119709841721,42.94253122319669
2024-01-11 22:00:00,38.39905467333901,65.44632361511569,5.346629852172268,998.3074638404589,96.2397820200063
2024-01-11 23:00:00,16.653954649738413,88.45841779912718,7.182885399045233,1018.9252293792857,111.99008296779067
2024-01-12 00:00:00,21.12030156604601,76.30782558568042,2.0665967522532207,1006.0926501457902,22.87682000463953
2024-01-12 01:00:00,15.884504312518214,62.089577767774095,5.8180205393310445,989.5121507829635,148.48151326126742
2024-01-12 02:00:00,13.864405398391407,40.41210972115514,11.659855150083873,1001.7753162093481,72.13123071371166
2024-01-12 03:00:00,16.360227780699443,85.75585438655875,5.258853535739015,998.0292073694688,14.696806569965512
2024-01-12 04:00:00,18.82932955331687,41.81599216258958,3.1629909285400766,993.0628029227336,140.23709918700212
2024-01-12 05:00:00,29.089413807488853,70.54708738018915,11.385041292833764,1011.5552983426261,44.22122354571023
2024-01-12 06:00:00,19.055989764642565,86.79142743146839,7.716999184688437,1003.5033007792348,50.63893097921526
2024-01-12 07:00:00,20.25168028952141,42.93546742538539,8.978138145433086,999.7488359854967,70.58132024022717
2024-01-12 08:00:00,10.677799130939782,44.094323560964156,6.555881271378001,1027.1024192059622,50.61407047344865
2024-01-12 09:00:00,20.975968305575844,81.93790437655778,0.5728383573178709,1003.064967592066,30.835094338351904
2024-01-12 10:00:00,25.595076344453524,80.18918169790396,9.405194656294134,994.6737688020853,21.148970816890102
2024-01-12 11:00:00,15.058922725519414,49.7641221117389,11.780092666074221,1010.1549390131455,76.62261125664843
2024-01-12 12:00:00,28.008478264084076,45.28614178630968,9.14653560072145,1025.3355705090403,16.654474484965576
2024-01-12 13:00:00,18.536814457793806,37.43238342750026,9.870302732160015,1021.0966470494992,105.5119131874957
2024-01-12 14:00:00,28.991490938130816,89.21273716715774,10.327227534914565,995.6764331365398,55.97367806519739
2024-01-12 15:00:00,10.620427503875229,80.64949655246339,11.936119992897517,1001.5541652787614,149.90257981954716
2024-01-12 16:00:00,36.67655316903222,84.11492557045064,3.842683732413733,998.6640703421081,10.487184905685455
2024-01-12 17:00:00,10.76790702916303,59.68283559923827,5.640940465341778,1027.0568242789698,10.619091166368486
2024-01-12 18:00:00,14.489846506913867,37.18707845886767,6.867791546432414,1000.2912304108098,44.02157573416588
2024-01-12 19:00:00,32.78330127517333,33.67513564403802,2.422517720073113,997.2198933200285,53.92182024651166
2024-01-12 20:00:00,12.29287557956981,50.311955902763614,5.892152405499872,1008.2529124240594,121.94488245969809
2024-01-12 21:00:00,30.49164820535097,86.14082158352096,3.4497341663735033,1013.6185968520819,126.27366906772512
2024-01-12 22:00:00,39.066201000658864,87.56554328342915,9.799827062218311,996.1596064643716,111.56614861297724
2024-01-12 23:00:00,36.40313735184048,80.86112578083359,4.581114471203462,990.5404237336667,124.20186527817052
2024-01-13 00:00:00,31.4255198414301,39.46095635777981,1.2441458557407725,993.9773130595004,109.35412913135133
2024-01-13 01:00:00,38.48787765121989,53.77998963772146,0.23505361942592368,1016.8220531991377,134.574433349278
2024-01-13 02:00:00,22.80502326257528,45.14067759034109,10.465004525786457,995.4409858896053,76.00848553923854
2024-01-13 03:00:00,35.9746510833521,42.4979691430184,10.817832685426414,1000.4210253799276,47.14047746681639
2024-01-13 04:00:00,20.42563081726515,71.32097900064986,11.240945937617164,1016.935074595934,96.45074096805163
2024-01-13 05:00:00,38.257766201264396,58.078708948673054,1.482634721101543,1025.247208225662,56.16403325814736
2024-01-13 06:00:00,14.616647883939757,48.57334805649099,5.054203209699532,1028.2315857350104,13.063190895025302
2024-01-13 07:00:00,37.90330450524449,36.910320040683374,5.40673298832607,1004.9034207390549,130.19423210062791
2024-01-13 08:00:00,35.367813783964564,62.652095031039266,10.562783303174804,998.8682170080644,126.82311722408711
2024-01-13 09:00:00,35.513613114322645,51.40225524264905,3.454973843436158,1019.099627503797,79.9106231952545
2024-01-13 10:00:00,14.06676914473325,53.48988009095847,4.022662505672402,1019.126404757702,73.9391718181884
2024-01-13 11:00:00,28.164997346227217,48.65588143071851,8.983284243143517,1028.9893704721555,19.07723270426508
2024-01-13 12:00:00,10.135767403823586,54.031278053948085,2.4523928852869554,995.0276901072283,25.465675517827414
2024-01-13 13:00:00,31.394964534762284,62.911823592167465,7.982340855226946,1025.0902882605617,118.57769940246465
2024-01-13 14:00:00,10.553046258949818,30.93053839486821,9.004449128943039,996.612002037611,128.02457376134967
2024-01-13 15:00:00,12.806788237142676,80.4648882721718,2.4414946283006125,1019.007915059034,6.349583953167698
2024-01-13 16:00:00,16.7559762471388,84.94493239712615,3.147293942580238,1028.7622015992422,122.85934309302937
2024-01-13 17:00:00,36.30412156958826,62.76831802559683,8.388832997268482,998.3444413966131,89.25076413632156
2024-01-13 18:00:00,21.45597520027932,46.2705600083364,9.64178597661373,1019.8434570028951,69.69088247773924
2024-01-13 19:00:00,25.944751209370548,89.00637069428058,11.461967010282756,1021.2638976291843,73.56149329896532
2024-01-13 20:00:00,27.278044161053714,54.061744037030536,4.241610282909204,1000.3134012971294,109.51538775235089
2024-01-13 21:00:00,16.677070366043715,70.85697716711331,6.893278492846899,1027.3728031544244,7.211873020856958
2024-01-13 22:00:00,27.070921129529328,71.23790872646512,2.1839184625968358,992.5039766195665,13.416576412479268
2024-01-13 23:00:00,30.30041709525507,55.68382367759479,5.668988471733762,999.2410701360153,130.7660061610966
2024-01-14 00:00:00,19.3018319866945,43.18254276850592,3.748868766148573,1002.7263015961604,150.14287152845384
2024-01-14 01:00:00,22.90816268884518,88.16225821715858,4.609900054961822,994.1267754029338,41.07573353028607
2024-01-14 02:00:00,24.153297917372974,34.700745816308824,9.740536160158632,999.6530008800039,64.41638148545684
2024-01-14 03:00:00,37.97953982228313,57.84303157652911,9.505027818478819,1020.9652011974022,107.66833918323843
2024-01-14 04:00:00,27.917673109390385,43.47141152455647,8.413355961834416,999.4305612610879,103.15655621531465
2024-01-14 05:00:00,38.31432891822183,48.396553655630036,1.8678461217875995,1009.8439340334821,117.34427509419973
2024-01-14 06:00:00,26.82025394282832,79.78175826573121,3.658442382017446,995.2906482729172,136.3744473722201
2024-01-14 07:00:00,24.96095345766367,52.943891071987274,11.26881958475974,1013.0899985878884,40.97833527678009
2024-01-14 08:00:00,10.147620674589284,34.56008485287047,5.714074275502362,1014.3580305498008,82.34950307936118
2024-01-14 09:00:00,24.68225799376447,42.979526563519386,7.74493755179375,998.7753920501289,27.00846193283119
2024-01-14 10:00:00,37.47226990596161,83.58142832585409,0.6980802021814438,992.8545134382457,146.65708288117412
2024-01-14 11:00:00,16.84953405661691,88.31253533483307,6.543311303667948,1017.691146653703,118.34168468491563
2024-01-14 12:00:00,11.130705795318773,45.69929123835274,8.43655099723238,1015.436111909786,32.15412058838674
2024-01-14 13:00:00,21.681940659255606,71.76305201796954,0.8276049015380895,1009.5485345236115,113.68397914930578
2024-01-14 14:00:00,21.669238308093803,36.21798439770349,1.6595677674398408,1025.1790357535651,118.53683042917841
2024-01-14 15:00:00,36.05456661506023,72.96237631800065,4.71075231583713,1029.9161497842101,23.971601388554923
2024-01-14 16:00:00,11.06635804450566,54.62813131744813,11.147234504507718,1019.2380926728655,78.85001257205975
2024-01-14 17:00:00,37.87431616909695,84.84947017647634,3.4673273838501606,1028.501961086199,126.08122156941079
2024-01-14 18:00:00,30.42183066541566,47.54648635810324,1.0192791118226376,996.300079436099,54.72197871328476
2024-01-14 19:00:00,36.74145921930731,85.7051835255499,10.02234802455694,996.5182563586944,12.16840959349343
2024-01-14 20:00:00,28.25842594544493,59.339159350740395,10.228590129123377,1030.5202484846932,51.702161158268595
2024-01-14 21:00:00,34.067796266358904,50.27929084410305,6.93576473769156,1005.2294968358085,117.63675569366914
2024-01-14 22:00:00,20.485075629645333,68.79161871475887,10.796347977286551,1012.0201370279998,21.428945340957952
2024-01-14 23:00:00,20.42383391489992,45.18436008363861,2.4992484561094366,1028.0007628077049,51.194613727194756
2024-01-15 00:00:00,21.341722003060926,45.10708675615153,3.5501547718877036,1013.4899262418392,129.82167691987578
2024-01-15 01:00:00,32.50589519130326,40.9300316063363,0.6816534938070242,1024.8651713846857,28.585214447277878
2024-01-15 02:00:00,21.256066212633247,88.43277172886917,7.140787912488899,1018.272417616743,61.36938110901278
2024-01-15 03:00:00,17.024506007403737,59.39247141836398,10.735123755748093,1024.113330607555,83.96925753298002
2024-01-15 04:00:00,37.776952999907486,75.05474689144286,7.5020261570869735,1008.7366909387497,32.26968400441568
2024-01-15 05:00:00,37.344982546900404,59.01456549809359,1.4238258915528983,1026.8743549588814,107.4794687217672
2024-01-15 06:00:00,20.56911893306754,64.29567340187933,8.549381830680684,994.6894507048794,119.32341422942483
2024-01-15 07:00:00,28.821438348322296,65.37421227333219,8.483987918236432,1022.3611585184898,95.90924538791099
2024-01-15 08:00:00,18.012981724913292,88.93502200395459,2.585570865926855,999.5052026687315,125.43714129521727
2024-01-15 09:00:00,16.28310633961382,70.52563358133123,9.770584094261121,1014.1513888274876,26.257192387940577
2024-01-15 10:00:00,19.468314582517163,44.63258557731752,10.540602823849595,1021.7909094096796,4.4715581519772
2024-01-15 11:00:00,19.208569754265167,33.00416244036945,5.16985641801228,1017.5333376509358,41.89333114716093
2024-01-15 12:00:00,36.15975139862949,42.57747334996569,3.8089342144864973,1008.1513417753696,128.2624080854511
2024-01-15 13:00:00,34.5774508201807,56.878685400374415,7.068978548892575,1027.4638305372266,22.587339796435458
2024-01-15 14:00:00,31.422214278746278,53.07420621329912,11.476909953695882,996.0951388888234,117.9844695597247
2024-01-15 15:00:00,39.41393979136264,78.26622026138713,8.518236600737248,1019.8388607185371,141.04514941461557
2024-01-15 16:00:00,23.04461746452889,76.59025095931634,9.681524821795172,999.428957753033,87.74839010127323
2024-01-15 17:00:00,17.28230649744095,36.358987652933024,9.473033514595713,1018.0562623799057,130.170324786173
2024-01-15 18:00:00,13.513786717316922,88.33113711389574,11.403423766097106,998.2101815131797,43.52190114779282
2024-01-15 19:00:00,18.601070417957445,61.16103480087842,9.427755802030543,991.5189371906123,110.35814240387532
2024-01-15 20:00:00,14.349961661953305,65.07493957082842,3.488962201449453,1022.2062667336089,117.34329211841313
2024-01-15 21:00:00,12.641620169534198,54.70512666905185,3.2292872138457587,1022.551576657045,75.98804357410671
2024-01-15 22:00:00,28.226555485273984,68.49947622906208,3.022366387251059,996.6660751118318,88.66666099295574
2024-01-15 23:00:00,20.57037403857594,82.81893592444044,2.981194819810533,1022.436266024977,18.74846943578587
2024-01-16 00:00:00,27.160140578092506,70.60908042145813,2.8923202957261958,1003.0431130046246,42.9057245432807
2024-01-16 01:00:00,16.398297315895654,86.91425962855278,11.349276168818834,1013.320207300257,13.292725944060653
2024-01-16 02:00:00,30.260469384714646,73.38605343423595,11.465276441787656,1014.5394598608394,36.51989851798945
2024-01-16 03:00:00,16.6376761501744,80.83361515257283,1.361152533133034,1025.5224308530649,136.76108192398542
2024-01-16 04:00:00,18.637086082777202,32.18018243542173,1.448574290382621,1013.5722407575995,8.150339489954698
2024-01-16 05:00:00,32.08051089695095,70.03152797490866,10.327798740273224,1023.7857268405312,80.26331168466207
2024-01-16 06:00:00,26.888372065153934,69.52876105767089,6.978200205038813,1007.4648357079068,79.6606516416574
2024-01-16 07:00:00,20.05050011832358,36.38977298378463,2.767881862902878,1016.7859984042946,42.84922056080704
2024-01-16 08:00:00,26.331609901305516,81.1044333286552,5.73245830082016,997.0204439758261,115.98916497604371
2024-01-16 09:00:00,30.487576589154738,68.56335548620586,1.1915269930802648,1018.2482518444414,93.08074702539795
2024-01-16 10:00:00,37.37448939423424,35.74889848281877,11.764891086327967,1026.4633620073305,32.98291996652041
2024-01-16 11:00:00,27.635258833474133,64.98775198912797,2.4123081742192194,1006.9613291258555,72.16986428908412
2024-01-16 12:00:00,17.603776438057437,57.52955341539628,9.532621562862841,1015.7113863331779,8.724680969117614
2024-01-16 13:00:00,32.812882126899915,43.37474654035047,11.233567179647764,1012.2280089279342,8.65090348730368
2024-01-16 14:00:00,34.25774204504641,31.157136030166075,8.93693410203159,991.3465474462348,113.90655116921656
2024-01-16 15:00:00,15.682506559715996,53.46328315108162,1.4812988392433375,1027.1277729056264,33.022109387631474
2024-01-16 16:00:00,34.99183954748695,66.74997820034147,7.16644271346056,1022.0427535644625,144.6739006405048
2024-01-16 17:00:00,24.02678078567694,49.94745063270573,2.1699886666123644,1006.4969987937509,54.15398028384598
2024-01-16 18:00:00,34.3333978285735,48.42128425378691,10.362768821955976,992.6539451817796,105.44498820115771
2024-01-16 19:00:00,16.77722766402956,76.0799729917409,8.56059406313069,1003.5923914497762,72.60596628836784
2024-01-16 20:00:00,19.616794494601464,77.67082374708302,11.453596732508249,1011.5900967701657,62.34681235034629
2024-01-16 21:00:00,38.353507939181,72.67356622259372,2.0913571628971606,1000.7120268131187,99.83934606548168
2024-01-16 22:00:00,28.822357691085678,35.6538376625649,6.099080460576041,1022.5781276713468,96.50072463483039
2024-01-16 23:00:00,32.96055251908128,61.85974713720726,6.643801786054409,1001.4724983508787,132.04293172611904
2024-01-17 00:00:00,30.325225248425667,64.04899869717173,1.877192403956804,998.181880633959,17.310013464373565
2024-01-17 01:00:00,16.19370926083567,76.26195746151328,8.337371763276272,997.0784503557204,76.8565612172715
2024-01-17 02:00:00,24.267427543341853,84.6882622280104,7.244337399838145,1018.5771774596404,92.63017228690727
2024-01-17 03:00:00,35.07462669261707,51.83615844488867,4.778774738759252,1012.1129769560906,97.28617070298596
2024-01-17 04:00:00,30.65920772406518,56.22313939526644,5.254212658130758,1017.5617868828376,97.56524439809854
2024-01-17 05:00:00,9.933088694172085,74.9108398238113,9.523324111477336,1001.6053498191302,60.51278787117152
2024-01-17 06:00:00,12.23641339302675,70.45736531877688,4.6801387291985765,1006.3196917072761,5.626654885569603
2024-01-17 07:00:00,20.615093395897595,63.904471520628206,11.565367395973635,1025.8280478482802,106.5037326377378
2024-01-17 08:00:00,37.76399981748872,51.91735295749271,11.415368505933577,1002.9608190403845,8.211955353746784
2024-01-17 09:00:00,25.522223604068987,42.7175650203552,1.4221486659021654,1026.0538453346417,71.88764781592532
2024-01-17 10:00:00,18.611791632713594,42.20625973070014,10.238154146870636,1028.5997265810129,109.09752986909865
2024-01-17 11:00:00,20.61122686450775,35.44780054497567,8.281134756992719,990.5649119359739,41.6129409172006
2024-01-17 12:00:00,15.583883298023935,34.72964003622153,0.8978160445052376,1009.6178250988972,7.09391521835228
2024-01-17 13:00:00,23.217414228275494,80.87291661385196,11.314794883858658,1015.8174253113395,16.334784099402196
2024-01-17 14:00:00,16.49187472488492,54.048500841867934,10.297499413094274,990.8281856346615,25.605927451604003
2024-01-17 15:00:00,35.90414814023359,32.948219364283545,9.959635852010553,1003.8337182481511,101.58493664690151
2024-01-17 16:00:00,23.003400408598484,84.09970808662638,10.844678810056884,991.5294524550125,98.24528909797733
2024-01-17 17:00:00,18.136662481379112,43.06104176830506,11.187423861692082,1014.4643795296525,147.23928440321768
2024-01-17 18:00:00,37.98900132018908,46.11196094053083,3.2292110322994905,1009.2125928226612,50.813501351553136
2024-01-17 19:00:00,19.45071614802748,42.759312956108865,11.406880351865246,1000.7328348488104,23.477914366200256
2024-01-17 20:00:00,37.09816189665639,88.21291013294808,1.2274354243050523,1021.0408408783223,33.533606942610696
2024-01-17 21:00:00,11.57002196231177,36.79197643161316,10.502565512473394,1011.9784841969862,12.480493764636929
2024-01-17 22:00:00,30.75496850575663,72.17098266478692,5.500621313822307,1002.3781498129223,121.73145086813783
2024-01-17 23:00:00,24.455527140190355,86.56125029611316,10.32407245818801,1026.7529738171786,17.786089735327778
2024-01-18 00:00:00,23.378292090016767,70.63013202677222,3.5828805266305963,1028.3349459679148,136.28575672071705
2024-01-18 01:00:00,11.310623056432599,83.36703071070086,9.13654314417425,997.3796619744091,9.610480366563621
2024-01-18 02:00:00,11.526094530831847,44.284550525684544,9.98905726700137,1030.149167688452,124.6507766801793
2024-01-18 03:00:00,19.49963759265245,70.6224293521754,1.5291981387597215,1014.8094386396228,36.61631824533938
2024-01-18 04:00:00,37.75476990661451,72.26479462134193,11.096430284133952,1025.3875878431945,5.988171310175577
2024-01-18 05:00:00,29.07849009568935,58.8441897001708,10.281453601313919,1001.9528877288711,104.79605014372258
2024-01-18 06:00:00,21.2089555446588,82.15153041625763,7.23395035212993,990.810717200653,7.522740233559036
2024-01-18 07:00:00,28.037878039099976,71.90093634841386,8.805358509784798,990.185947028741,48.73263989331472
2024-01-18 08:00:00,16.850079164033048,84.21069115258597,4.4870210600520215,1006.7764014574904,14.437297755518953
2024-01-18 09:00:00,15.001669074906848,75.35128159535515,5.958968419000424,989.8187672218014,23.313887598412443
2024-01-18 10:00:00,21.360960192439066,60.83699344199437,2.4651171221651125,1007.7208954057423,24.005512183520963
2024-01-18 11:00:00,35.92959596019104,60.08668823934841,6.338789358721639,1019.4826438217201,107.0751911527092
2024-01-18 12:00:00,26.16702787355946,58.13856115171399,9.597690647911586,1015.5755086978028,148.16324010877776
2024-01-18 13:00:00,19.66086626286531,30.424058866953562,7.111326385681574,1019.7157364586797,42.92281111806392
2024-01-18 14:00:00,38.400632565571385,62.221795131006516,1.9704964558741473,1013.15569617512,62.35936337556427
2024-01-18 15:00:00,34.89621810976141,54.781780687885025,9.891359615325154,1028.2995484722537,59.19515752539738
2024-01-18 16:00:00,19.966371182640785,40.470383938500575,8.801981114163132,1000.8174147523001,39.018170006647765
2024-01-18 17:00:00,39.75069811434096,35.84618647206178,0.5816585190121429,1025.615233820527,109.42268661446761
2024-01-18 18:00:00,39.206152240731925,56.484823149682775,10.11996102804173,1027.7889676709963,45.542410058105986
2024-01-18 19:00:00,22.554424769201354,32.71622721211155,10.255111821291516,989.9746145352881,79.4594327595145
2024-01-18 20:00:00,30.13222724559567,90.52886668326911,6.353216750194473,1007.8895566937091,26.17647178936833
2024-01-18 21:00:00,21.41431564474708,52.631226287954846,4.804849980354763,1018.1884930087153,127.252621789845
2024-01-18 22:00:00,17.212299776493474,52.453434032029016,1.5144015596007148,1013.8621535299189,105.85548329730723
2024-01-18 23:00:00,11.603844037759812,34.670620491237884,10.169508866978207,1029.8603093077054,80.97730571935166
2024-01-19 00:00:00,17.79261520600575,54.3664038596052,0.6943276116231807,1016.142523488472,93.99290213936045
2024-01-19 01:00:00,18.45253989881105,29.070996838467007,4.346928300416759,1014.635869166361,37.167234805227395
2024-01-19 02:00:00,22.604350773636813,32.18057969640848,4.239384651937077,1028.6000749014029,127.86155137990042
2024-01-19 03:00:00,15.57840049759515,49.91812462267537,11.038140979505098,1025.2053616858068,21.97282432032374
2024-01-19 04:00:00,39.31395144860144,78.38788546840912,5.622844307413997,1023.515871191216,132.49082830978656
2024-01-19 05:00:00,12.493720122673649,58.13289618835776,11.003962608149816,1006.5685808558527,95.6411518978752
2024-01-19 06:00:00,28.02474844303734,31.09819140493634,1.6137674489056273,1018.5350971568116,140.43596943394198
2024-01-19 07:00:00,23.227067009419194,39.31251795956248,10.359934391862659,1028.297314432755,43.40762619075715
2024-01-19 08:00:00,22.870476113177485,73.30434208081569,7.659640130757141,999.7756471239948,144.30681001292928
2024-01-19 09:00:00,21.145712920818426,75.04109544841843,6.893701855820582,1009.2901406852518,100.4574504666914
2024-01-19 10:00:00,35.16159047804558,75.8254483168311,4.0505216798077965,1020.4602827816034,3.732782821609669
2024-01-19 11:00:00,18.37603734358966,51.015649096229666,5.909787509115514,1013.7098537810331,21.36854008442505
2024-01-19 12:00:00,10.057087981612746,52.71024273544369,3.7154466233525825,1021.7135338029204,89.9088613805748
2024-01-19 13:00:00,37.83049740871531,77.21265906191536,5.626656553384411,1000.3442013234678,19.34028136520292
2024-01-19 14:00:00,36.09184178375546,52.588285126727264,9.247862318927819,995.4536158551298,114.06039605532942
2024-01-19 15:00:00,17.903427865534265,73.04184552250358,7.796890753166546,1008.831386419703,101.94325850907074
2024-01-19 16:00:00,25.483949330143584,64.82853405856874,8.545245776724123,1017.2513070496926,30.51755344598339
2024-01-19 17:00:00,12.81777291253995,52.06786435701364,10.764256500901208,1013.8717918084812,95.90312637388448
2024-01-19 18:00:00,12.775894893854948,34.59482003898557,1.163446872092614,1013.3898211266218,85.24909571946947
2024-01-19 19:00:00,35.53416349422114,37.26752930113895,3.0890318692775325,994.4446802406476,38.97052506736346
2024-01-19 20:00:00,21.884657285027096,82.30701445639035,8.870828762277268,1009.122911529523,107.45548835424097
2024-01-19 21:00:00,30.067956011983373,58.370745708349,5.655047931644645,997.7161576755663,39.935465400525445
2024-01-19 22:00:00,38.06830074473264,89.57026657782163,8.077512619848086,1018.0786687268463,131.81876294014918
2024-01-19 23:00:00,17.013423181159197,52.78592914225504,10.51275250417922,1013.1407928528901,65.5803887976862
2024-01-20 00:00:00,10.348831381336925,45.28931431898006,9.097334355650316,1012.781763963239,75.59529700564217
2024-01-20 01:00:00,10.27987345848168,51.42158495587441,11.298290148351013,1015.6582127144189,101.39549395444271
2024-01-20 02:00:00,31.043809340381188,51.07069738605341,2.4755350530881244,1002.8663169146156,134.079999565392
2024-01-20 03:00:00,37.22213494151976,68.62292218916464,9.320348447185205,993.4653602915595,72.13611024549776
2024-01-20 04:00:00,24.86364782125895,31.31195496210033,8.555712466016136,1006.4914503809557,100.12022246587195
2024-01-20 05:00:00,21.268418167523677,76.92876578309009,0.3702312999435103,1002.0767015056016,93.10381190717706
2024-01-20 06:00:00,25.985319744159554,55.15234453743619,0.9572328840798929,1013.0931485488339,16.475392088649446
2024-01-20 07:00:00,35.859397539197076,56.53853462302052,0.7378606375382166,999.3029515990856,94.16832570246346
2024-01-20 08:00:00,29.516377594759575,58.7904319460704,6.464883272473439,999.2730923644907,13.549640495281
2024-01-20 09:00:00,16.894502808042468,58.179953884522156,9.534004723768028,1003.0586430130604,80.17811776875111
2024-01-20 10:00:00,33.50115640587502,59.27186104332803,5.457082380458569,996.8175396332693,18.84249401342481
2024-01-20 11:00:00,14.363712142438178,52.288943856964785,0.6069762082581371,1005.9919377908338,93.33803956280067
2024-01-20 12:00:00,14.738978530083182,57.166547307041235,2.2996914689557593,1022.8466695463272,110.97861148690846
2024-01-20 13:00:00,28.133186733926212,53.05983413780624,11.486473668924608,1024.7434142620184,118.49831398303866
2024-01-20 14:00:00,17.04538285372342,61.203728240656154,3.52534801240462,994.6771043687833,92.80634193492124
2024-01-20 15:00:00,30.15480994691007,66.81578168553351,10.206040560924253,1001.5091213749258,153.41555706697685
2024-01-20 16:00:00,19.83486594860401,45.1787972961797,4.7357446651846065,1014.9121757484472,55.533641874968524
2024-01-20 17:00:00,18.90971489984965,59.95009038716085,6.497512430811001,999.1918580486199,3.74094885931912
2024-01-20 18:00:00,40.673973870510835,65.2970965097874,5.993045437326145,1026.7681320296515,124.30955676478298
2024-01-20 19:00:00,11.111536677051125,29.40671221476472,2.1612342772895277,1018.0380571993453,72.10451201189011
2024-01-20 20:00:00,29.622274640823246,60.844188012163066,4.689474498842876,999.4691870308752,83.18946271206737
2024-01-20 21:00:00,11.29465209514457,42.29206735865292,12.070140221594754,994.8216018189772,130.86940380021952
2024-01-20 22:00:00,34.128514957962,52.92257790861967,6.830423523203176,992.49891218351,40.175636797179784
2024-01-20 23:00:00,17.383493573389487,80.23980293673505,5.7728024476136035,997.7570827486082,53.83454355340721
2024-01-21 00:00:00,12.640022556284439,50.24376145204419,6.94296704081016,1005.2535103238013,17.749845185706846
2024-01-21 01:00:00,29.04314014573096,59.35557235713499,3.458635899375124,1019.2244894369937,107.47287426475853
2024-01-21 02:00:00,31.288157612795963,30.66045306513843,7.318777436059742,995.2733375326335,40.071266922721264
2024-01-21 03:00:00,30.430235707046375,48.4843950909725,8.804967530222763,991.9629759075589,127.1084461230291
2024-01-21 04:00:00,11.232218043382009,68.38019565378261,1.7551205693134386,1026.2255871811838,92.3346233002728
2024-01-21 05:00:00,18.21842989189617,47.922597098175274,3.8671821074407875,1003.7151684654355,138.9543074211742
2024-01-21 06:00:00,23.25498347149277,43.6289827918667,2.6516431205519435,1003.6386344968938,13.030757531278118
2024-01-21 07:00:00,18.14863427480786,48.18699181444378,8.754556730822761,1011.306253216409,148.70229948468602
2024-01-21 08:00:00,35.03993672154022,87.07440208903773,10.990218682488184,1006.4179318439847,62.73333696873244
2024-01-21 09:00:00,14.312068152999105,35.23102030953389,5.607302187705814,1002.0618733637659,80.08726877440482
2024-01-21 10:00:00,28.361957046884406,57.9790408263199,7.684683431838985,1019.0914006733174,98.3123611131554
2024-01-21 11:00:00,40.282001598461605,31.763334154556652,1.3115831531143336,1022.1279934085746,73.9159827459958
2024-01-21 12:00:00,37.10992152178017,62.10886037051748,1.9122705317408097,1023.746683797655,80.50757561293855
2024-01-21 13:00:00,16.2948384495479,38.18098609904886,4.953835667420167,1021.215558434852,68.52116959045513
2024-01-21 14:00:00,10.656553288140447,67.1915501229559,8.41336698150238,1017.8227045841886,29.457699497840974
2024-01-21 15:00:00,39.64935200450613,45.62430597372884,8.218732379041345,998.346516466312,147.27805592943395
2024-01-21 16:00:00,36.03595029208524,72.98683572978294,3.0745585029951408,1019.2505010756163,120.57273615715984
2024-01-21 17:00:00,37.50243416612658,51.37486275114462,2.242112179708541,1000.4725715222339,91.1064001802547
2024-01-21 18:00:00,22.089077425933983,29.76337474909396,11.46901977158178,1018.7773091406863,14.865231512987545
2024-01-21 19:00:00,31.744628668608613,48.18161336023686,4.691477461941222,993.4787589900023,135.44950199926132
